fecha,obs,pred_persistencia,pred_climatologia
2021-04-28,55.922,51.209,49.255680246596455
2021-04-29,82.571,55.922,49.2565363297804
2021-04-30,87.226,82.571,49.26081399589111
2021-05-01,63.651,87.226,49.265688201309544
2021-05-02,64.472,63.651,49.267534839537866
2021-05-03,125.64,64.472,49.2694863817225
2021-05-04,147.195,125.64,49.27928752566735
2021-05-05,116.254,147.195,49.2918520980367
2021-05-06,102.104,116.254,49.300443597639216
2021-05-07,119.342,102.104,49.30721762668377
2021-05-08,125.655,119.342,49.31620105182145
2021-05-09,104.726,125.655,49.325991843016546
2021-05-10,131.165,104.726,49.333096229802514
2021-05-11,74.611,131.165,49.34358884472368
2021-05-12,58.085,74.611,49.34682825641026
2021-05-13,57.659,58.085,49.347948391231895
2021-05-14,53.557,57.659,49.349013637528834
2021-05-15,52.219,53.557,49.3495529155453
2021-05-16,60.257,52.219,49.34992060481804
2021-05-17,138.334,60.257,49.351318052530424
2021-05-18,148.501,138.334,49.36271732001025
2021-05-19,123.17,148.501,49.375415960035866
2021-05-20,94.745,123.17,49.38486711065573
2021-05-21,68.187,94.745,49.39067580996286
2021-05-22,89.854,68.187,49.393082509603076
2021-05-23,101.034,89.854,49.39826250160031
2021-05-24,75.272,101.034,49.40487229902713
2021-05-25,64.667,75.272,49.40818307948291
2021-05-26,101.556,64.667,49.41013583312004
2021-05-27,87.774,101.556,49.41680836852207
2021-05-28,83.468,87.774,49.42171589048107
2021-05-29,79.016,83.468,49.426071306127675
2021-05-30,89.917,79.016,49.429856152468666
2021-05-31,81.782,89.917,49.43503419874665
2021-06-01,140.191,81.782,49.439170639386184
2021-06-02,234.333,140.191,49.45077424881729
2021-06-03,128.541,234.333,49.47441043211455
2021-06-04,86.848,128.541,49.48451737185223
2021-06-05,67.361,86.848,49.489292868098154
2021-06-06,70.72,67.361,49.49157679233227
2021-06-07,77.596,70.72,49.49428934321492
2021-06-08,113.183,77.596,49.49787969847962
2021-06-09,169.94,113.183,49.50601525293817
2021-06-10,112.265,169.94,49.521398313960916
2021-06-11,79.291,112.265,49.52941154533844
2021-06-12,122.775,79.291,49.533212029115056
2021-06-13,117.357,122.775,49.54256363636364
2021-06-14,106.78,117.357,49.55122116685816
2021-06-15,97.1,106.78,49.5585263466939
2021-06-16,90.75,97.1,49.56459417996171
2021-06-17,73.183,90.75,49.5698501020929
2021-06-18,97.754,73.183,49.57286313640424
2021-06-19,74.842,97.754,49.57901025771881
2021-06-20,75.791,74.842,49.582232988901644
2021-06-21,172.402,75.791,49.58557594387755
2021-06-22,99.156,172.402,49.60123930621094
2021-06-23,81.214,99.156,49.6075584544759
2021-06-24,118.383,81.214,49.61158834629606
2021-06-25,111.467,118.383,49.620355736868945
2021-06-26,85.997,111.467,49.62823931166348
2021-06-27,72.653,85.997,49.632874636757585
2021-06-28,107.542,72.653,49.635808257932965
2021-06-29,106.623,107.542,49.643186722731905
2021-06-30,71.428,106.623,49.650446222448714
2021-07-01,63.002,71.428,49.65322043312102
2021-07-02,58.062,63.002,49.65492069800026
2021-07-03,53.184,58.062,49.655991390728474
2021-07-04,50.806,53.184,49.656440646886544
2021-07-05,48.26,50.806,49.65658701298701
2021-07-06,46.21,48.26,49.6564092170592
2021-07-07,46.263,46.21,49.65597051934827
2021-07-08,45.234,46.263,49.65553867888507
2021-07-09,46.679,45.234,49.65497599898193
2021-07-10,61.049,46.679,49.65459732790431
2021-07-11,53.986,61.049,49.65604699745547
2021-07-12,43.373,53.986,49.656597811983204
2021-07-13,47.757,43.373,49.6557985754261
2021-07-14,40.142,47.757,49.65555709016915
2021-07-15,37.501,40.142,49.654347329603254
2021-07-16,54.211,37.501,49.652802085187545
2021-07-17,106.431,54.211,49.65338156623442
2021-07-18,80.226,106.431,49.66059875429007
2021-07-19,53.141,80.226,49.664483528215555
2021-07-20,43.609,53.141,49.66492532723345
2021-07-21,38.973,43.609,49.66415583227446
2021-07-22,36.558,38.973,49.662797535256
2021-07-23,36.448,36.558,49.661132799796746
2021-07-24,35.784,36.448,49.65945451543249
2021-07-25,48.758,35.784,49.65769232918466
2021-07-26,47.459,48.758,49.65757808253968
2021-07-27,59.85,47.459,49.657298933468766
2021-07-28,50.437,59.85,49.6585929160848
2021-07-29,59.722,50.437,49.65869172378777
2021-07-30,44.361,59.722,49.6599689554512
2021-07-31,39.922,44.361,49.65929649746193
2021-08-01,37.12,39.922,49.658060956731376
2021-08-02,34.201,37.12,49.65647023598072
2021-08-03,32.474,34.201,49.65450962831409
2021-08-04,31.97,32.474,49.65233046676814
2021-08-05,31.633,31.97,49.65008793912492
2021-08-06,33.315,31.633,49.647803246259194
2021-08-07,31.796,33.315,49.645732395080515
2021-08-08,36.517,31.796,49.6434694979716
2021-08-09,39.917,36.517,49.64180560273799
2021-08-10,45.422,39.917,49.64057305449937
2021-08-11,50.838,45.422,49.6400384488658
2021-08-12,56.45,50.838,49.64019024328434
2021-08-13,70.511,56.45,49.641053008995314
2021-08-14,75.92,70.511,49.643696782366355
2021-08-15,128.965,75.92,49.64702500316656
2021-08-16,99.069,128.965,49.65707033941236
2021-08-17,96.857,99.069,49.663327390148154
2021-08-18,102.335,96.857,49.66930278551532
2021-08-19,72.151,102.335,49.67597017343967
2021-08-20,96.601,72.151,49.678815113924045
2021-08-21,56.955,96.601,49.684753879255794
2021-08-22,50.182,56.955,49.68567393065047
2021-08-23,72.011,50.182,49.68573673288625
2021-08-24,72.225,72.011,49.6885612854251
2021-08-25,81.678,72.225,49.6914121948134
2021-08-26,74.712,81.678,49.69545805717177
2021-08-27,64.398,74.712,49.698621904641456
2021-08-28,61.952,64.398,49.70048070308548
2021-08-29,50.757,61.952,49.7020297635605
2021-08-30,76.884,50.757,49.70216313527181
2021-08-31,106.382,76.884,49.70559908987486
2021-09-01,112.95,106.382,49.71276243680485
2021-09-02,83.503,112.95,49.72075399974725
2021-09-03,63.48,83.503,49.725022668688396
2021-09-04,64.055,63.48,49.726760505369555
2021-09-05,87.256,64.055,49.72857054067711
2021-09-06,82.423,87.256,49.73331064797272
2021-09-07,76.531,82.423,49.73743917655974
2021-09-08,98.93,76.531,49.74082262911983
2021-09-09,77.996,98.93,49.74703338383838
2021-09-10,65.566,77.996,49.75059972225729
2021-09-11,80.525,65.566,49.75259611209291
2021-09-12,74.75,80.525,49.75648004543733
2021-09-13,60.11,74.75,49.75963419989904
2021-09-14,58.233,60.11,49.76094023974764
2021-09-15,73.167,58.233,49.76200913449407
2021-09-16,59.964,73.167,49.76496170051722
2021-09-17,51.288,59.964,49.76624815842584
2021-09-18,46.367,51.288,49.76644008071636
2021-09-19,57.569,46.367,49.76601139974779
2021-09-20,48.719,57.569,49.76699525910983
2021-09-21,55.002,48.719,49.76686313666162
2021-09-22,45.774,55.002,49.76752305559057
2021-09-23,126.699,45.774,49.76701971262919
2021-09-24,106.669,126.699,49.77671498424701
2021-09-25,66.712,106.669,49.78388387096774
2021-09-26,56.399,66.712,49.78601668136576
2021-09-27,51.878,56.399,49.786849760645
2021-09-28,49.663,51.878,49.78711316286686
2021-09-29,51.567,49.663,49.78709753148615
2021-09-30,96.309,51.567,49.78732167233346
2021-10-01,71.499,96.309,49.7931793502896
2021-10-02,80.356,71.499,49.795912048344455
2021-10-03,72.885,80.356,49.79975898791541
2021-10-04,53.526,72.885,49.80266461925739
2021-10-05,75.209,53.526,49.803133199093885
2021-10-06,57.519,75.209,49.80633011199195
2021-10-07,82.518,57.519,49.807300503271264
2021-10-08,56.309,82.518,49.81141557428607
2021-10-09,49.446,56.309,49.812232880503146
2021-10-10,51.603,49.446,49.812186819268014
2021-10-11,60.737,51.603,49.8124120221328
2021-10-12,48.145,60.737,49.81378566578649
2021-10-13,61.624,48.145,49.81357586120191
2021-10-14,56.94,61.624,49.81506051539912
2021-10-15,64.516,56.94,49.815956058320765
2021-10-16,59.548,64.516,49.81780349377906
2021-10-17,84.971,59.548,49.8190261874843
2021-10-18,75.62,84.971,49.823442819449674
2021-10-19,56.432,75.62,49.82668359296482
2021-10-20,63.414,56.432,49.827513302348954
2021-10-21,55.897,63.414,49.82921971866365
2021-10-22,60.304,55.897,49.82998171543388
2021-10-23,63.158,60.304,49.83129688598694
2021-10-24,59.774,63.158,49.83297004394225
2021-10-25,42.188,59.774,49.8342179763997
2021-10-26,77.204,42.188,49.833258240240994
2021-10-27,132.102,77.204,49.836693323293176
2021-10-28,88.193,132.102,49.84701648889446
2021-10-29,81.97,88.193,49.85182777917189
2021-10-30,81.974,81.97,49.855857157194826
2021-10-31,95.235,81.974,49.859886026091324
2021-11-01,92.375,95.235,49.86557712278942
2021-11-02,98.744,92.375,49.87090812641084
2021-11-03,91.419,98.744,49.87703641379311
2021-11-04,100.335,91.419,49.88224478435306
2021-11-05,67.721,100.335,49.888569562492165
2021-11-06,60.873,67.721,49.89080476309852
2021-11-07,57.636,60.873,49.892181150520116
2021-11-08,61.403,57.636,49.893151553884714
2021-11-09,85.792,61.403,49.89459371006139
2021-11-10,92.121,85.792,49.89909100476071
2021-11-11,79.542,92.121,49.904379982462736
2021-11-12,60.468,79.542,49.90809210921844
2021-11-13,66.45,60.468,49.9094145773325
2021-11-14,70.65,66.45,49.91148577510644
2021-11-15,62.44,70.65,49.914082308751716
2021-11-16,61.419,62.44,49.9156504006009
2021-11-17,52.097,61.419,49.917090299161345
2021-11-18,49.216,52.097,49.917363128911134
2021-11-19,54.247,49.216,49.91727535977975
2021-11-20,57.753,54.247,49.91781711711712
2021-11-21,76.977,57.753,49.918797372701114
2021-11-22,68.219,76.977,49.92218218663998
2021-11-23,74.573,68.219,49.9244707191995
2021-11-24,96.625,74.573,49.92755332666333
2021-11-25,132.927,96.625,49.93339269726147
2021-11-26,139.8,132.927,49.94376949237309
2021-11-27,129.887,139.8,49.95500292536567
2021-11-28,86.451,129.887,49.964994425
2021-11-29,69.423,86.451,49.96955460567429
2021-11-30,82.522,69.423,49.97198567858035
2021-12-01,95.21,82.522,49.976052905160564
2021-12-02,70.669,95.21,49.98170432283858
2021-12-03,64.88,70.669,49.98428861961274
2021-12-04,82.009,64.88,49.98614918810892
2021-12-05,69.465,82.009,49.99014854502311
2021-12-06,58.249,69.465,49.992580469530466
2021-12-09,46.919,58.249,49.99361136221751
2021-12-10,44.64,46.919,49.99322751560549
2021-12-11,41.41,44.64,49.992559280988644
2021-12-12,44.421,41.41,49.99148806789815
2021-12-13,41.364,44.421,49.99079288655934
2021-12-14,42.38,41.364,49.98971642126279
2021-12-15,38.468,42.38,49.98876698689956
2021-12-16,37.291,38.468,49.98732976546906
2021-12-17,42.176,37.291,49.98574608955968
2021-12-18,49.254,42.176,49.98477206285857
2021-12-19,38.604,49.254,49.984680932784634
2021-12-20,35.583,38.604,49.98326189526185
2021-12-21,38.973,35.583,49.98146657524
2021-12-22,39.584,38.973,49.98009429070058
2021-12-23,35.836,39.584,49.97879850430014
2021-12-24,34.019,35.836,49.97703594217348
2021-12-25,35.145,34.019,49.97504740186916
2021-12-26,36.344,35.145,49.97319965113381
2021-12-28,42.293,36.344,49.971501731655664
2021-12-29,39.679,42.293,49.970545266567015
2021-12-30,43.83,39.679,49.96926346992153
2021-12-31,34.982,43.83,49.968498929016185
2022-01-01,32.536,34.982,49.966632847715104
2022-01-02,38.88,32.536,49.96446269920318
2022-01-03,41.03,38.88,49.96308283331258
2022-01-04,35.257,41.03,49.96197092357481
2022-01-05,38.007,35.257,49.960140808960794
2022-01-06,38.404,38.007,49.958653359880536
2022-01-07,61.253,38.404,49.957215677491604
2022-01-08,50.663,61.253,49.958620975367005
2022-01-09,37.799,50.663,49.95870859559646
2022-01-10,33.541,37.799,49.95719619402985
2022-01-11,33.912,33.541,49.955154632508396
2022-01-12,35.03,33.912,49.95315971151455
2022-01-13,53.067,35.03,49.95130428944424
2022-01-14,69.311,53.067,49.95169162108404
2022-01-15,41.773,69.311,49.95409799875699
2022-01-16,37.37,41.773,49.95308120805369
2022-01-17,36.848,37.37,49.95151750963092
2022-01-18,38.021,36.848,49.9498893389662
2022-01-19,35.39,38.021,49.94840730525531
2022-01-20,31.657,35.39,49.94659880745342
2022-01-21,32.036,31.657,49.94432708980251
2022-01-22,29.576,32.036,49.94210300546448
2022-01-23,30.169,29.576,49.9395739972681
2022-01-24,28.16,30.169,49.9371192450956
2022-01-25,28.679,28.16,49.9344156921167
2022-01-27,30.335,28.679,49.93177723435949
2022-01-28,27.2,30.335,49.929344967109344
2022-01-29,25.968,27.2,49.92652424919335
2022-01-30,25.54,25.968,49.92355135872937
2022-01-31,25.211,25.54,49.92052610421837
2022-02-01,23.883,25.211,49.917460786502915
2022-02-02,23.044,23.883,49.91423150582982
2022-02-03,22.697,23.044,49.910898970606475
2022-02-04,25.202,22.697,49.907524231150795
2022-02-05,34.999,25.202,49.9044609299442
2022-02-06,30.738,34.999,49.902612992809324
2022-02-07,40.06,30.738,49.90023731250775
2022-02-08,36.427,40.06,49.89901764997521
2022-02-09,33.362,36.427,49.89734804808527
2022-02-10,35.408,33.362,49.8952990582404
2022-02-11,28.571,35.408,49.893504076322635
2022-02-12,25.037,28.571,49.89086253716551
2022-02-13,24.618,25.037,49.88778389694042
2022-02-14,25.071,24.618,49.884654124349765
2022-02-15,25.818,25.071,49.88158122600619
2022-02-16,28.194,25.818,49.87860158494304
2022-02-17,25.658,28.194,49.87591685031571
2022-02-18,24.43,25.658,49.87291884129735
2022-02-19,28.876,24.43,49.869769575442504
2022-02-21,53.484,28.876,49.86717133663367
2022-02-22,46.797,53.484,49.867618908550924
2022-02-23,31.396,46.797,49.86723897550111
2022-02-24,30.658,31.396,49.8649537795373
2022-02-25,25.983,30.658,49.86257785749629
2022-02-26,26.753,25.983,49.85962429189858
2022-02-27,27.058,26.753,49.856766683156074
2022-02-28,38.397,27.058,49.8539474959812
2022-03-01,71.918,38.397,49.85253095944609
2022-03-02,84.14,71.918,49.85525879589566
2022-03-03,60.042,84.14,49.85949671199011
2022-03-04,44.191,60.042,49.86075520949203
2022-03-05,49.526,44.191,49.86005454770143
2022-03-06,72.724,49.526,49.86001327072779
2022-03-07,87.16,72.724,49.862838077588336
2022-03-08,70.961,87.16,49.867445509573805
2022-03-09,46.877,70.961,49.870050938735176
2022-03-10,60.021,46.877,49.86968128936643
2022-03-11,50.022,60.021,49.87093484811064
2022-03-12,69.796,50.022,49.87095350043215
2022-03-13,61.052,69.796,49.87341338271605
2022-03-14,40.803,61.052,49.874793284779656
2022-03-15,69.106,40.803,49.873673586768696
2022-03-16,42.675,69.106,49.8760470689868
2022-03-17,45.217,42.675,49.87515848963475
2022-03-18,42.358,45.217,49.87458376310919
2022-03-19,46.54,42.358,49.87365647668394
2022-03-20,51.24,46.54,49.87324526952017
2022-03-21,38.939,51.24,49.873413838184504
2022-03-22,57.434,38.939,49.87206540880503
2022-03-23,54.543,57.434,49.872997829839704
2022-03-24,40.678,54.543,49.87357359141906
2022-03-25,42.46,40.678,49.8724400147929
2022-03-26,46.162,42.46,49.87152636509306
2022-03-27,63.441,46.162,49.87106918905595
2022-03-28,53.294,63.441,49.87274139248306
2022-03-29,69.095,53.294,49.873162937407585
2022-03-30,73.054,69.095,49.875531033633116
2022-03-31,73.595,73.054,49.878386228135014
2022-04-01,106.368,73.595,49.8813073531223
2022-04-02,106.512,106.368,49.88826384236453
2022-04-03,63.924,106.512,49.89523635020318
2022-04-04,60.92,63.924,49.896963605023394
2022-04-05,86.768,60.92,49.89832062046042
2022-04-06,76.723,86.768,49.90285898572132
2022-04-07,115.772,76.723,49.90615992615385
2022-04-08,121.885,115.772,49.91426549347773
2022-04-09,92.878,121.885,49.92312125015381
2022-04-10,87.983,92.878,49.92840605314961
2022-04-11,64.242,87.983,49.933087390822976
2022-04-12,60.192,64.242,49.93484740467405
2022-04-13,56.075,60.192,49.936108891895216
2022-04-14,48.614,56.075,49.93686379734383
2022-04-15,45.649,48.614,49.93670114348949
2022-04-16,49.389,45.649,49.93617401032702
2022-04-17,59.3,49.389,49.93610674861709
2022-04-18,59.023,59.3,49.93725766961652
2022-04-19,80.893,59.023,49.93837426569989
2022-04-20,90.805,80.893,49.94217797984763
2022-04-21,99.673,90.805,49.947198599336524
2022-04-22,205.8,99.673,49.95330742014742
2022-04-23,208.733,205.8,49.97245085370348
2022-04-24,103.068,208.733,49.99194981577008
2022-04-25,95.443,103.068,49.99846781284539
2022-04-26,75.787,95.443,50.00404793713163
2022-04-27,85.508,75.787,50.0072134315531
2022-04-28,60.981,85.508,50.01157149521238
2022-04-29,85.111,60.981,50.012917932981466
2022-04-30,60.2,85.111,50.01722550319097
2022-05-01,56.359,60.2,50.018475076696525
2022-05-02,55.734,56.359,50.01925305521472
2022-05-03,49.862,55.734,50.019954165133115
2022-05-04,40.876,49.862,50.01993478900883
2022-05-05,54.639,40.876,50.01881324665767
2022-05-06,68.093,54.639,50.0193798626441
2022-05-07,118.089,68.093,50.02159612507664
2022-05-08,134.012,118.089,50.02994180971064
2022-05-09,80.546,134.012,50.04023751379184
2022-05-10,68.633,80.546,50.04397688158863
2022-05-11,76.223,68.633,50.0462552273563
2022-05-12,91.004,76.223,50.049463161764706
2022-05-13,72.189,91.004,50.05448148511211
2022-05-14,72.734,72.189,50.057193383974514
2022-05-15,77.133,72.734,50.05997138306995
2022-05-16,105.813,77.133,50.06328753062225
2022-05-17,72.04,105.813,50.07011541947336
2022-05-18,85.459,72.04,50.07280582904727
2022-05-19,79.428,85.459,50.07713865556508
2022-05-20,67.762,79.428,50.08073205190989
2022-05-21,59.505,67.762,50.08289648671808
2022-05-22,56.306,59.505,50.08404974296206
2022-05-23,59.46,56.306,50.08481121037816
2022-05-24,53.026,59.46,50.08595844346549
2022-05-25,53.228,53.026,50.086318169582775
2022-05-26,52.066,53.228,50.08670252018596
2022-05-27,47.948,52.066,50.086944636085626
2022-05-28,43.82,47.948,50.08668302348337
2022-05-29,46.887,43.82,50.085916644246055
2022-05-30,72.009,46.887,50.08552548300318
2022-05-31,70.564,72.009,50.088205942046706
2022-06-01,62.287,70.564,50.090709095354526
2022-06-02,97.735,62.287,50.09219990221244
2022-06-03,110.186,97.735,50.09802278171596
2022-06-04,57.091,110.186,50.105365807161185
2022-06-05,81.982,57.091,50.10621937927664
2022-06-06,73.948,81.982,50.11011379352474
2022-06-07,95.304,73.948,50.11302582457855
2022-06-08,79.086,95.304,50.11854566996458
2022-06-09,72.919,79.086,50.12208346360528
2022-06-10,80.619,72.919,50.124867309805836
2022-06-11,75.828,80.619,50.12859064713065
2022-06-12,87.009,75.828,50.131728165059215
2022-06-13,74.028,87.009,50.13622978515625
2022-06-14,86.287,74.028,50.13914590504089
2022-06-15,90.231,86.287,50.14355740785941
2022-06-16,81.949,90.231,50.14844910311165
2022-06-17,83.792,81.949,50.15232911176184
2022-06-18,72.812,83.792,50.156433012077585
2022-06-19,97.498,72.812,50.15919656013662
2022-06-20,86.402,97.498,50.16497028905964
2022-06-21,78.611,86.402,50.169389439024386
2022-06-22,78.185,78.611,50.17285750518229
2022-06-23,78.194,78.185,50.17627278712509
2022-06-24,59.222,78.194,50.17968833353651
2022-06-25,60.336,59.222,50.18079051682106
2022-06-26,143.558,60.336,50.18202820231566
2022-06-27,128.342,143.558,50.19340718986108
2022-06-28,135.55,128.342,50.20292937736079
2022-06-29,173.183,135.55,50.213327412280705
2022-06-30,144.372,173.183,50.22830727250579
2022-07-01,125.399,144.372,50.23977422655298
2022-07-02,125.654,125.399,50.24892770673487
2022-07-03,90.533,125.654,50.25811000974184
2022-07-04,81.897,90.533,50.26301380737855
2022-07-05,72.909,81.897,50.26686503530558
2022-07-06,68.375,72.909,50.26962122945831
2022-07-07,57.73,68.375,50.271824902629014
2022-07-08,56.193,57.73,50.27273255446027
2022-07-09,54.321,56.193,50.273452956923826
2022-07-10,56.997,54.321,50.27394541915075
2022-07-11,88.754,56.997,50.27476330900244
2022-07-12,65.927,88.754,50.27944391193285
2022-07-13,68.358,65.927,50.28134704451472
2022-07-14,57.879,68.358,50.28354534841299
2022-07-15,51.756,57.879,50.284468920233465
2022-07-16,52.758,51.756,50.28464782978724
2022-07-17,52.708,52.758,50.28494850474107
2022-07-18,46.958,52.708,50.28524302905068
2022-07-19,41.686,46.958,50.28483864851726
2022-07-20,37.935,41.686,50.28379370518897
2022-07-21,38.762,37.935,50.282293244228434
2022-07-22,45.021,38.762,50.28089362167416
2022-07-23,50.012,45.021,50.28025466472303
2022-07-24,72.344,50.012,50.28022208186566
2022-07-25,93.195,72.344,50.28290167597765
2022-07-26,111.968,93.195,50.288112616879175
2022-07-27,88.373,111.968,50.29560167557066
2022-07-28,166.104,88.373,50.30022440208814
2022-07-29,210.252,166.104,50.314281670308326
2022-07-30,106.864,210.252,50.33369394343974
2022-07-31,77.325,106.864,50.34055441747573
2022-08-01,118.466,77.325,50.34382883145249
2022-08-02,136.28,118.466,50.35209407910701
2022-08-03,120.751,136.28,50.36251842775689
2022-08-04,92.668,120.751,50.37105657447841
2022-08-05,112.261,92.668,50.376186585809585
2022-08-06,144.49,112.261,50.38369141401892
2022-08-07,118.348,144.49,50.395102388747425
2022-08-08,79.43,118.348,50.403341100872936
2022-08-09,75.338,79.43,50.406859910292155
2022-08-10,62.628,75.338,50.409881866666666
2022-08-11,57.669,62.628,50.41136267119137
2022-08-12,56.031,57.669,50.41224217159476
2022-08-13,57.653,56.031,50.412922985581005
2022-08-14,57.936,57.653,50.41380014538406
2022-08-15,114.931,57.936,50.41471137492429
2022-08-16,87.914,114.931,50.422525847868215
2022-08-17,59.331,87.914,50.42706641637398
2022-08-18,57.741,59.331,50.428144635504964
2022-08-19,53.94,57.741,50.429030076280426
2022-08-20,103.943,53.94,50.42945513317191
2022-08-21,59.795,103.943,50.43593298632127
2022-08-22,103.995,59.795,50.43706577099975
2022-08-23,77.497,103.995,50.44354742829481
2022-08-24,55.514,77.497,50.44682107938044
2022-08-25,50.083,55.514,50.44743416817907
2022-08-26,42.833,50.083,50.44739007984515
2022-08-27,45.509,42.833,50.44646902141043
2022-08-28,68.599,45.509,50.44587184325109
2022-08-29,90.443,68.599,50.448067166525576
2022-08-30,44.012,90.443,50.45290331318017
2022-08-31,62.703,44.012,50.45212457985733
2022-09-01,55.326,62.703,50.45360558510638
2022-09-02,58.36,55.326,50.45419453644385
2022-09-03,68.77,58.36,50.45515003625815
2022-09-04,63.134,68.77,50.45736331117825
2022-09-05,52.642,63.134,50.4588950459159
2022-09-06,54.691,52.642,50.45915880149813
2022-09-07,47.701,54.691,50.4596700169123
2022-09-08,54.694,47.701,50.45933680396183
2022-09-09,81.617,54.694,50.459848236714976
2022-09-10,60.564,81.617,50.46361072334259
2022-09-11,51.675,60.564,50.46483028254045
2022-09-12,69.725,51.675,50.46497638536762
2022-09-13,72.498,69.725,50.467301352003865
2022-09-14,103.402,72.498,50.46996045866023
2022-09-15,71.219,103.402,50.47634858797972
2022-09-16,134.754,71.219,50.47885162302401
2022-09-17,108.026,134.754,50.48901995656371
2022-09-18,104.212,108.026,50.49596132223429
2022-09-19,111.181,104.212,50.50244094089264
2022-09-20,78.871,111.181,50.5097595464962
2022-09-21,98.178,78.871,50.51317986010612
2022-09-22,90.279,98.178,50.518927456891355
2022-09-23,95.98,90.279,50.5237212925006
2022-09-24,107.186,95.98,50.52920125376733
2022-09-25,106.258,107.186,50.536030665380906
2022-09-26,81.461,106.258,50.54274658310233
2022-09-27,70.575,81.461,50.54647257170402
2022-09-28,83.83,70.575,50.54888593806483
2022-09-29,93.297,83.83,50.55289571084337
2022-09-30,76.335,93.297,50.55804498253223
2022-10-01,72.235,76.335,50.561149891592386
2022-10-02,56.885,72.235,50.5637602553294
2022-10-03,53.881,56.885,50.56452148362235
2022-10-04,55.099,53.881,50.56492081878386
2022-10-05,83.723,55.099,50.56546669877198
2022-10-06,74.897,83.723,50.56945821596244
2022-10-07,82.379,74.897,50.57238642272509
2022-10-08,139.533,82.379,50.576214394030565
2022-10-09,102.356,139.533,50.58691918170879
2022-10-10,24.182,102.356,50.59314816508242
2022-10-11,21.444,24.182,50.58997069297402
2022-10-12,19.703,21.444,50.58646462167689
2022-10-13,21.252,19.703,50.5827499879721
2022-10-14,27.429,21.252,50.57922253758268
2022-10-15,19.626,27.429,50.576438720538725
2022-10-16,19.625,19.626,50.57271737405314
2022-10-17,19.979,19.625,50.56899680211589
2022-10-18,25.755,19.979,50.56531967784589
2022-10-19,33.109,25.755,50.56233766826923
2022-10-20,39.868,33.109,50.56024016344189
2022-10-21,26.177,39.868,50.55895534727229
2022-10-22,24.458,26.177,50.55602588009131
2022-10-23,47.961,24.458,50.55289060547814
2022-10-24,40.946,47.961,50.55257926726727
2022-10-25,36.137,40.946,50.55142546240692
2022-10-26,27.225,36.137,50.54969441575597
2022-10-27,35.35,27.225,50.54689365994236
2022-10-28,70.677,35.35,50.54506908392364
2022-10-29,85.151,70.677,50.54748588235294
2022-10-30,52.757,85.151,50.55163946705078
2022-10-31,35.322,52.757,50.55190415266443
2022-11-01,29.155,35.322,50.55007649105964
2022-11-02,24.983,29.155,50.54750928725702
2022-11-03,28.013,24.983,50.544442159568085
2022-11-04,28.536,28.013,50.54173925143954
2022-11-05,27.686,28.536,50.539099724121385
2022-11-06,29.419,27.686,50.53635888702327
2022-11-07,33.2,29.419,50.53382652596235
2022-11-08,34.951,33.2,50.5317481294964
2022-11-09,56.056,34.951,50.52988015825441
2022-11-10,83.951,56.056,50.530542603692155
2022-11-11,49.727,83.951,50.53454841184226
2022-11-12,43.26,49.727,50.53445162991371
2022-11-13,53.333,43.26,50.53357991611744
2022-11-14,43.607,53.333,50.53391533668823
2022-11-15,42.473,43.607,50.533085467832755
2022-11-16,37.073,42.473,50.5321199568759
2022-11-17,29.947,37.073,50.53050789316085
2022-11-18,30.099,29.947,50.52804280239521
2022-11-19,31.949,30.099,50.525596503412764
2022-11-20,29.138,31.949,50.5233722940613
2022-11-21,29.927,29.138,50.520812091464144
2022-11-22,34.228,29.927,50.51834694757002
2022-11-23,36.633,34.228,50.5163971753441
2022-11-24,43.58,36.633,50.514735686931544
2022-11-25,31.976,43.58,50.51390587531411
2022-11-26,28.605,31.976,50.511687891840154
2022-11-27,27.591,28.605,50.509067161143676
2022-11-28,48.542,27.591,50.50632576555024
2022-11-29,38.991,48.542,50.506090826456166
2022-11-30,33.641,38.991,50.50471375269074
2022-12-01,26.195,33.641,50.50269728566304
2022-12-02,23.52,26.195,50.49979105691057
2022-12-03,21.269,23.52,50.49656573819486
2022-12-04,20.616,21.269,50.493072125268945
2022-12-05,24.612,20.616,50.48950130273695
2022-12-06,25.544,24.612,50.48640886711281
2022-12-07,18.696,25.544,50.48342853387501
2022-12-08,19.801,18.696,50.479630752688166
2022-12-09,22.511,19.801,50.4759658822124
2022-12-10,21.977,22.511,50.472625585284284
2022-12-11,19.055,21.977,50.46922230980533
2022-12-12,19.406,19.055,50.4654709099594
2022-12-13,20.969,19.406,50.46176231641791
2022-12-14,18.548,20.969,50.4582412129895
2022-12-15,17.451,18.548,50.45443194461024
2022-12-16,16.149,17.451,50.45049264740988
2022-12-17,15.25,16.149,50.446398902016945
2022-12-18,15.175,15.25,50.442198854415274
2022-12-19,15.977,15.175,50.4379908602792
2022-12-20,15.366,15.977,50.43387955141971
2022-12-21,14.888,15.366,50.429696337826556
2022-12-22,14.405,14.888,50.42545710877863
2022-12-23,14.097,14.405,50.42116128801431
2022-12-24,20.534,14.097,50.4168297638922
2022-12-25,13.733,20.534,50.413266770001194
2022-12-26,13.848,13.733,50.4088938245112
2022-12-27,17.387,13.848,50.404535629991656
2022-12-28,14.214,17.387,50.400600286054825
2022-12-29,14.238,14.214,50.39628773686093
2022-12-30,13.332,14.238,50.39197907530981
2022-12-31,13.724,13.332,50.38756349338735
2023-01-01,13.886,13.724,50.38319566356922
2023-01-02,14.427,13.886,50.37884817153068
2023-01-03,13.961,14.427,50.37456615054788
2023-01-04,23.023,13.961,50.37022965344766
2023-01-05,15.263,23.023,50.36697325553703
2023-01-06,17.59,15.263,50.36279371353733
2023-01-07,17.356,17.59,50.35889219047619
2023-01-08,20.283,17.356,50.35496374241162
2023-01-09,18.423,20.283,50.35138459890502
2023-01-10,26.227,18.423,50.347584957753185
2023-01-11,18.729,26.227,50.344714826273204
2023-01-12,16.512,18.729,50.34095328970851
2023-01-13,16.938,16.512,50.33692890792291
2023-01-14,16.177,16.938,50.332956155584625
2023-01-15,16.006,16.177,50.32889383920076
2023-01-16,14.119,16.006,50.324812153644906
2023-01-17,15.308,14.119,50.320507063020216
2023-01-18,15.012,15.308,50.31634435857806
2023-01-19,14.698,15.012,50.31214745601522
2023-01-20,13.132,14.698,50.307914227980504
2023-01-21,13.643,13.132,50.30349588780604
2023-01-22,13.032,13.643,50.29913932263815
2023-01-23,12.638,13.032,50.29471119296578
2023-01-24,12.189,12.638,50.290237305453246
2023-01-25,12.344,12.189,50.28571114278926
2023-01-26,12.049,12.344,50.28120446608861
2023-01-27,11.889,12.049,50.276663824228024
2023-01-28,11.588,11.889,50.27210526065788
2023-01-29,11.494,11.588,50.267512039895514
2023-01-30,11.468,11.494,50.2629087498516
2023-01-31,11.188,11.468,50.2583034662868
2023-02-01,10.95,11.188,50.25366604154303
2023-02-02,10.853,10.95,50.24900147163542
2023-02-03,10.769,10.853,50.24432649816067
2023-02-04,10.654,10.769,50.23964266729948
2023-02-05,10.705,10.654,50.23494630442519
2023-02-06,10.545,10.705,50.230257105575326
2023-02-07,10.499,10.545,50.22555004151346
2023-02-08,10.206,10.499,50.22083863851992
2023-02-09,10.298,10.206,50.216093608443025
2023-02-10,10.308,10.298,50.21136061180935
2023-02-11,10.375,10.308,50.20662992294013
2023-02-12,10.851,10.375,50.20190829777146
2023-02-13,11.658,10.851,50.19724421002726
2023-02-14,10.566,11.658,50.192676866556056
2023-02-15,13.319,10.566,50.18798120630406
2023-02-16,11.859,13.319,50.18361284360189
2023-02-17,12.106,11.859,50.17907255064566
2023-02-18,10.571,12.106,50.174562591802896
2023-02-19,10.087,10.571,50.16987189387659
2023-02-20,11.282,10.087,50.165124988157274
2023-02-21,10.307,11.282,50.160520710479574
2023-02-22,10.483,10.307,50.155802083826664
2023-02-23,9.715,10.483,50.151105410204806
2023-02-24,9.417,9.715,50.146318939393936
2023-02-25,9.2,9.417,50.14149833116345
2023-02-26,9.244,9.2,50.13665318343195
2023-02-27,9.603,9.244,50.131814388829724
2023-02-28,9.664,9.603,50.127019214387126
2023-03-01,10.099,9.664,50.12223239086715
2023-03-02,9.077,10.099,50.117498154719655
2023-03-03,13.241,9.077,50.11264416321703
2023-03-04,10.549,13.241,50.1082837511826
2023-03-05,12.488,10.549,50.10360605415632
2023-03-06,24.111,12.488,50.09915871364389
2023-03-07,14.639,24.111,50.09608646412106
2023-03-08,21.974,14.639,50.09189531914894
2023-03-09,23.751,21.974,50.08857208367805
2023-03-10,14.543,23.751,50.08545963129284
2023-03-11,19.661,14.543,50.08125988420182
2023-03-12,21.237,19.661,50.07766580812854
2023-03-13,41.085,21.237,50.074258759598344
2023-03-14,26.68,41.085,50.07319695251595
2023-03-15,28.331,26.68,50.07043408527223
2023-03-16,23.557,28.331,50.06786683986774
2023-03-17,27.946,23.557,50.06473649781556
2023-03-18,27.665,27.946,50.06212507674144
2023-03-19,21.928,27.665,50.059481100224296
2023-03-20,16.89,21.928,50.0561605760151
2023-03-21,15.16,16.89,50.05224624100082
2023-03-22,13.524,15.16,50.04812867594997
2023-03-23,14.057,13.524,50.04381904424779
2023-03-24,13.983,14.057,50.03957331288344
2023-03-25,19.674,13.983,50.03531985372183
2023-03-26,13.63,19.674,50.031738664779425
2023-03-27,14.97,13.63,50.02744550064866
2023-03-28,15.394,14.97,50.02331136792453
2023-03-29,15.283,15.394,50.0192282042212
2023-03-30,15.771,15.283,50.01513291676491
2023-03-31,14.033,15.771,50.01109612165507
2023-04-01,12.901,14.033,50.00685542197077
2023-04-02,16.28,12.901,50.00248230995875
2023-04-03,12.684,16.28,49.99850841385812
2023-04-04,12.213,12.684,49.99411174737834
2023-04-05,12.115,12.213,49.989660626767204
2023-04-06,11.81,12.115,49.98519901048416
2023-04-07,13.579,11.81,49.98070252061249
2023-04-08,18.589,13.579,49.97641542810034
2023-04-09,12.256,18.589,49.972719312293925
2023-04-10,12.017,12.256,49.96827839397151
2023-04-11,12.591,12.017,49.96381038380033
2023-04-12,12.143,12.591,49.959410994702765
2023-04-13,10.962,12.143,49.95495991054614
2023-04-14,10.867,10.962,49.95037088384136
2023-04-15,11.104,10.867,49.94577175806072
2023-04-16,15.742,11.104,49.94120160018826
2023-04-17,19.81,15.742,49.937178164705884
2023-04-18,25.787,19.81,49.93363420774026
2023-04-19,18.819,25.787,49.93079409550694
2023-04-20,21.444,18.819,49.9271351758203
2023-04-21,21.633,21.444,49.92378579492004
2023-04-22,22.405,21.633,49.920459423868316
2023-04-23,18.186,22.405,49.91722459440395
2023-04-24,22.192,18.186,49.91349458093335
2023-04-25,19.984,22.192,49.91023629525153
2023-04-26,18.288,19.984,49.90671928546245
2023-04-27,17.147,18.288,49.90300380728554
2023-04-28,23.37,17.147,49.899155140406535
2023-04-29,19.769,23.37,49.89603846334586
2023-04-30,19.687,19.769,49.89249951838365
2023-05-01,16.982,19.687,49.888951773549444
2023-05-02,14.229,16.982,49.8850871873165
2023-05-03,13.364,14.229,49.88090023485204
2023-05-04,12.715,13.364,49.876612704003755
2023-05-05,11.992,12.715,49.87224998826015
2023-05-06,11.77,11.992,49.86780342763235
2023-05-07,11.342,11.77,49.86333185446009
2023-05-08,11.704,11.342,49.858811101983335
2023-05-09,11.759,11.704,49.854333888758504
2023-05-10,11.67,11.759,49.8498641792796
2023-05-11,12.225,11.67,49.84538507742844
2023-05-12,11.43,12.225,49.84097212903225
2023-05-13,12.637,11.43,49.83646697161623
2023-05-14,11.598,12.637,49.83210442125015
2023-05-15,11.118,11.598,49.82762106003752
2023-05-16,11.414,11.118,49.823082471567595
2023-05-17,28.14,11.414,49.818579648300116
2023-05-18,16.312,28.14,49.81603849490095
2023-05-19,12.379,16.312,49.812111626816694
2023-05-20,15.256,12.379,49.80772476268604
2023-05-21,17.14,15.256,49.80367604874619
2023-05-22,17.562,17.14,49.799849021675456
2023-05-23,34.759,17.562,49.7960723289597
2023-05-24,38.087,34.759,49.794310928897744
2023-05-25,32.575,38.087,49.7929397282736
2023-05-26,41.709,32.575,49.79092333996955
2023-05-27,29.944,41.709,49.78997697892272
2023-05-28,50.882,29.944,49.78765336611638
2023-05-29,43.556,50.882,49.78778147974713
2023-05-30,44.178,43.556,49.787052019197006
2023-05-31,40.837,44.178,49.786395529026215
2023-06-01,34.307,40.837,49.785348203627855
2023-06-02,28.239,34.307,49.78353702316873
2023-06-03,23.591,28.239,49.78101630981631
2023-06-04,20.802,23.591,49.777952433317736
2023-06-05,19.481,20.802,49.77456303661247
2023-06-06,26.23,19.481,49.77101992982456
2023-06-07,20.703,26.23,49.768266916150154
2023-06-08,18.757,20.703,49.764868264733394
2023-06-09,34.942,18.757,49.761242885537236
2023-06-10,18.615,34.942,49.759510451250875
2023-06-11,24.063,18.615,49.755869947399184
2023-06-12,17.923,24.063,49.75286704067321
2023-06-13,15.143,17.923,49.7491472946126
2023-06-14,14.275,15.143,49.745103575601775
2023-06-15,13.792,14.275,49.74095938777894
2023-06-16,13.401,13.792,49.73675974299066
2023-06-17,13.382,13.401,49.73251540707861
2023-06-18,13.181,13.382,49.72826984349451
2023-06-19,12.84,13.181,49.724001798435125
2023-06-20,12.622,12.84,49.71969493227464
2023-06-21,12.274,12.622,49.7153636193812
2023-06-22,12.282,12.274,49.71099269203829
2023-06-23,16.714,12.282,49.70662371892144
2023-06-24,14.505,16.714,49.702773039215685
2023-06-25,23.93,14.505,49.69866546854942
2023-06-26,28.306,23.93,49.69565862310385
2023-06-27,17.902,28.306,49.69316303815191
2023-06-28,18.108,17.902,49.68945431637891
2023-06-29,15.452,18.108,49.68577048874373
2023-06-30,14.283,15.452,49.681777746676
2023-07-01,14.142,14.283,49.67764960932944
2023-07-02,14.678,14.142,49.673505993470144
2023-07-03,16.166,14.678,49.66942583653958
2023-07-04,21.22,16.166,49.665520097924926
2023-07-05,16.961,21.22,49.662204382795196
2023-07-06,18.485,16.961,49.658393053613054
2023-07-07,27.944,18.485,49.65476021442722
2023-07-08,34.731,27.944,49.652230412491264
2023-07-09,26.663,34.731,49.65049194920191
2023-07-10,23.917,26.663,49.6478140027959
2023-07-11,16.638,23.917,49.64481682003495
2023-07-12,15.68,16.638,49.640972559981364
2023-07-13,15.01,15.68,49.63701763130314
2023-07-14,15.836,15.01,49.63298560782487
2023-07-15,14.429,15.836,49.62905069274653
2023-07-16,13.541,14.429,49.62495289871944
2023-07-17,33.072,13.541,49.62075269468048
2023-07-18,18.204,33.072,49.61882662942272
2023-07-19,15.236,18.204,49.61517076690329
2023-07-20,14.625,15.236,49.61117039795206
2023-07-21,12.604,14.625,49.607099872018615
2023-07-22,12.93,12.604,49.60279518380642
2023-07-23,12.285,12.93,49.598529417238574
2023-07-24,11.951,12.285,49.5941896254943
2023-07-25,11.496,11.951,49.589812001395515
2023-07-26,13.068,11.496,49.5853824883721
2023-07-27,12.286,13.068,49.58113677479363
2023-07-28,15.32,12.286,49.57680113926994
2023-07-29,13.816,15.32,49.57281917935604
2023-07-30,11.946,13.816,49.56866334263133
2023-07-31,10.806,11.946,49.56429115630447
2023-08-01,10.34,10.806,49.559787520334645
2023-08-02,10.316,10.34,49.555230788892764
2023-08-03,10.187,10.316,49.550672328066916
2023-08-04,9.877,10.187,49.54609994192125
2023-08-05,9.532,9.877,49.54149261324042
2023-08-06,9.591,9.532,49.536846289629544
2023-08-07,9.325,9.591,49.53220789595913
2023-08-08,9.48,9.325,49.527539695808656
2023-08-09,9.298,9.48,49.52289057348503
2023-08-10,8.938,9.298,49.51822140452698
2023-08-11,12.11,8.938,49.51351153667595
2023-08-12,10.509,12.11,49.509170871533016
2023-08-13,12.087,10.509,49.504645439777214
2023-08-14,10.333,12.087,49.500304142011835
2023-08-15,12.461,10.333,49.4957603712297
2023-08-16,10.637,12.461,49.49146449367823
2023-08-17,10.151,10.637,49.48695806077476
2023-08-18,13.634,10.151,49.482396312188335
2023-08-19,12.148,13.634,49.47823949443414
2023-08-20,43.156,12.148,49.47391135072464
2023-08-21,54.118,43.156,49.473178924182704
2023-08-22,90.167,54.118,49.47371732931494
2023-08-23,88.519,90.167,49.478433750579505
2023-08-24,57.053,88.519,49.48295809479662
2023-08-25,51.173,57.053,49.48383527230591
2023-08-26,42.926,51.173,49.48403098134631
2023-08-27,40.475,42.926,49.483271246524566
2023-08-28,39.386,40.475,49.482227777134256
2023-08-29,32.565,39.386,49.48105842019921
2023-08-30,28.913,32.565,49.47909940938043
2023-08-31,26.057,28.913,49.476717971283
2023-09-01,9.801,26.057,49.47400641426421
2023-09-02,10.446,9.801,49.46941356795555
2023-09-03,10.564,10.446,49.46489644634796
2023-09-04,17.857,10.564,49.46039402777778
2023-09-05,11.252,17.857,49.456736650850594
2023-09-06,9.749,11.252,49.45231582966906
2023-09-07,9.084,9.749,49.447722133518454
2023-09-08,8.714,9.084,49.44305256825544
2023-09-09,8.763,8.714,49.43834128397918
2023-09-10,10.706,8.763,49.433636756881796
2023-09-11,20.856,10.706,49.429158020122586
2023-09-12,12.27,20.856,49.42585400092507
2023-09-13,11.914,12.27,49.42155802983004
2023-09-14,13.507,11.914,49.41722189595376
2023-09-15,10.884,13.507,49.413070905097676
2023-09-16,9.837,10.884,49.408617706888585
2023-09-17,11.778,9.837,49.404044539466085
2023-09-18,10.314,11.778,49.399696718280566
2023-09-19,9.384,10.314,49.395180751010976
2023-09-20,8.987,9.384,49.39055838724585
2023-09-21,8.591,8.987,49.385891232528586
2023-09-22,9.218,8.591,49.381179417879416
2023-09-23,11.591,9.218,49.376541101743854
2023-09-24,9.036,11.591,49.372177875288685
2023-09-25,9.024,9.036,49.367520655813415
2023-09-26,9.274,9.024,49.36286312629878
2023-09-27,8.659,9.274,49.358235530416714
2023-09-28,8.258,8.659,49.35353801939058
2023-09-29,8.951,8.258,49.34879531448355
2023-09-30,9.031,8.951,49.34413367182091
2023-10-01,12.841,9.031,49.3394823352948
2023-10-02,10.51,12.841,49.335271619750806
2023-10-03,10.516,10.51,49.33079298650363
2023-10-04,13.917,10.516,49.32631607843137
2023-10-05,17.833,13.917,49.32223242993888
2023-10-06,14.43,17.833,49.31860129151291
2023-10-07,17.252,14.43,49.31457862331373
2023-10-08,33.019,17.252,49.31088222273461
2023-10-09,15.803,33.019,49.309004195965414
2023-10-10,12.31,15.803,49.305142277547255
2023-10-11,11.252,12.31,49.30087869079175
2023-10-12,10.494,11.252,49.2964941691634
2023-10-13,12.113,10.494,49.29202332065906
2023-10-14,12.711,12.113,49.28774002304147
2023-10-15,10.905,12.711,49.28352659831817
2023-10-16,10.627,10.905,49.27910612762036
2023-10-17,9.883,10.627,49.27465465852816
2023-10-18,9.529,9.883,49.27011853984339
2023-10-19,10.057,9.529,49.26554270581462
2023-10-20,9.295,10.057,49.26102871287129
2023-10-21,10.267,9.295,49.25642804190169
2023-10-22,11.094,10.267,49.251940308471454
2023-10-23,11.721,11.094,49.24754878582115
2023-10-24,19.312,11.721,49.24323042577675
2023-10-25,13.927,19.312,49.2397864917731
2023-10-26,15.753,13.927,49.2357238150023
2023-10-27,16.912,15.753,49.23187212699874
2023-10-28,12.01,16.912,49.228154635380726
2023-10-29,14.034,12.01,49.223874226567
2023-10-30,27.375,14.034,49.21982755289788
2023-10-31,26.618,27.375,49.21731578705301
2023-11-01,42.561,26.618,49.21471756725684
2023-11-02,39.564,42.561,49.21395268421658
2023-11-03,29.029,39.564,49.21284349425287
2023-11-04,23.239,29.029,49.210523778875995
2023-11-05,20.162,23.239,49.207539232360375
2023-11-06,18.717,20.162,49.204201815465936
2023-11-07,18.466,18.717,49.20069914981618
2023-11-08,15.715,18.466,49.19716845491097
2023-11-09,14.23,15.715,49.19332258212727
2023-11-10,13.266,14.23,49.18930704031239
2023-11-11,12.786,13.266,49.185181717960496
2023-11-12,12.899,12.786,49.18100222758066
2023-11-13,11.993,12.899,49.176836670493685
2023-11-14,11.501,11.993,49.17256806336815
2023-11-15,14.398,11.501,49.16824396235078
2023-11-16,17.04,14.398,49.164253345575574
2023-11-17,14.523,17.04,49.1605668349782
2023-11-18,27.531,14.523,49.156592358003444
2023-11-19,23.806,27.531,49.15411122074347
2023-11-20,24.283,23.806,49.15120332683263
2023-11-21,17.846,24.283,49.148350814406975
2023-11-22,14.955,17.846,49.144760683564634
2023-11-23,13.349,14.955,49.14083983944954
2023-11-24,13.023,13.349,49.13673574131407
2023-11-25,14.621,13.023,49.13259520752121
2023-11-26,13.015,14.621,49.128638816920784
2023-11-27,12.215,13.015,49.1244992434663
2023-11-28,11.112,12.215,49.12026892836676
2023-11-29,10.725,11.112,49.115913179005275
2023-11-30,10.65,10.725,49.11151408273175
2023-12-01,10.673,10.65,49.10710740146654
2023-12-02,10.338,10.673,49.102704364761145
2023-12-03,10.569,10.338,49.09826396334479
2023-12-04,10.185,10.569,49.093851036536485
2023-12-05,9.989,10.185,49.089395144296844
2023-12-06,9.637,9.989,49.08491782892477
2023-12-07,9.789,9.637,49.08040123654683
2023-12-08,10.178,9.789,49.075903079564966
2023-12-09,9.489,10.178,49.07145048076923
2023-12-10,9.246,9.489,49.06692004120408
2023-12-11,9.165,9.246,49.06236282902266
2023-12-12,11.63,9.165,49.057797391005835
2023-12-13,8.788,11.63,49.05351503432494
2023-12-14,8.712,8.788,49.04890852305228
2023-12-15,10.259,8.712,49.04429437199725
2023-12-16,11.108,10.259,49.039858218002976
2023-12-17,18.247,11.108,49.03552017383349
2023-12-18,11.279,18.247,49.03199947398513
2023-12-19,11.533,11.279,49.02768287217014
2023-12-20,9.367,11.533,49.02339629587287
2023-12-21,8.831,9.367,49.018863100137175
2023-12-22,8.96,8.831,49.01426967653446
2023-12-23,8.618,8.96,49.00969204571429
2023-12-24,8.57,8.618,49.00507637984231
2023-12-25,8.558,8.57,49.000456284277874
2023-12-26,10.918,8.558,48.995835873414826
2023-12-27,8.885,10.918,48.99148610920722
2023-12-28,9.042,8.885,48.986905128498
2023-12-29,13.868,9.042,48.98234312471448
2023-12-30,10.629,13.868,48.97833326481672
2023-12-31,9.214,10.629,48.97395448732588
2024-01-01,9.593,9.214,48.96941516154812
2024-01-02,8.709,9.593,48.9649201369863
2024-01-03,8.924,8.709,48.96032523684511
2024-01-04,8.38,8.924,48.95575592330518
2024-01-05,8.034,8.38,48.95112557343376
2024-01-06,8.071,8.034,48.94645680054769
2024-01-07,7.747,8.071,48.94179331431831
2024-01-08,7.925,7.747,48.93709393109742
2024-01-09,7.903,7.925,48.93241592334892
2024-01-10,8.852,7.903,48.92773647354014
2024-01-11,8.026,8.852,48.92316631314859
2024-01-12,8.028,8.026,48.91850301026226
2024-01-13,7.688,8.028,48.91384099874587
2024-01-14,7.503,7.688,48.90914129046968
2024-01-15,7.639,7.503,48.90442156616893
2024-01-16,7.44,7.639,48.89971841805334
2024-01-17,7.216,7.44,48.89499366381766
2024-01-18,7.283,7.216,48.890244462169555
2024-01-19,6.999,7.283,48.8855039763017
2024-01-20,7.345,6.999,48.8807322169059
2024-01-21,6.954,7.345,48.87600095682879
2024-01-22,7.242,6.954,48.87122624145786
2024-01-23,6.901,7.242,48.86648541168432
2024-01-24,6.904,6.901,48.861706832156685
2024-01-25,6.662,6.904,48.85692968234089
2024-01-26,6.645,6.662,48.852126070127504
2024-01-27,6.696,6.645,48.847321616391575
2024-01-28,6.514,6.696,48.842524061006145
2024-01-29,6.515,6.514,48.83770688517128
2024-01-30,7.336,6.515,48.8328909194356
2024-01-31,7.275,7.336,48.82816946182728
2024-02-01,7.469,7.275,48.823442138794086
2024-02-02,6.986,7.469,48.81873795927653
2024-02-03,19.077,6.986,48.81397991355778
2024-02-04,14.442,19.077,48.81059802115319
2024-02-05,9.924,14.442,48.806689833977714
2024-02-06,9.38,9.924,48.80226883456509
2024-02-07,8.939,9.38,48.79778699408822
2024-02-08,8.953,8.939,48.79325604183244
2024-02-09,8.574,8.953,48.788727710843375
2024-02-10,7.896,8.574,48.784157336060915
2024-02-11,8.025,7.896,48.77951095454546
2024-02-12,7.651,8.025,48.7748802863311
2024-02-13,7.201,7.651,48.7702081799591
2024-02-14,8.406,7.201,48.765486016130865
2024-02-15,7.899,8.406,48.760901794638805
2024-02-16,7.084,7.899,48.75626103350369
2024-02-17,6.746,7.084,48.75152877583466
2024-02-18,6.761,6.746,48.74675921426138
2024-02-19,6.445,6.761,48.7419924386921
2024-02-20,6.662,6.445,48.73719087297083
2024-02-21,6.606,6.662,48.73241502837685
2024-02-22,7.389,6.606,48.72763391215526
2024-02-23,7.381,7.389,48.72294273717658
2024-02-24,6.65,7.381,48.7182517190514
2024-02-25,6.625,6.65,48.71347882913546
2024-02-26,6.669,6.625,48.70870418604651
2024-02-27,6.898,6.669,48.70393561705989
2024-02-28,6.4,6.898,48.69919410230237
2024-02-29,6.329,6.4,48.69439718757088
2024-03-01,6.004,6.329,48.68959330989908
2024-03-02,6.184,6.004,48.68475367346939
2024-03-03,6.456,6.184,48.67993554018819
2024-03-04,7.422,6.456,48.675149331217405
2024-03-05,6.307,7.422,48.67047369375496
2024-03-06,6.102,6.307,48.665672756119676
2024-03-07,6.034,6.102,48.660849677053825
2024-03-08,6.228,6.034,48.65601998640381
2024-03-09,8.285,6.228,48.651213368075226
2024-03-10,6.703,8.285,48.646640847304035
2024-03-11,7.706,6.703,48.641890180088346
2024-03-12,7.326,7.706,48.63725417893544
2024-03-13,6.667,7.326,48.632576197486124
2024-03-14,6.447,6.667,48.627824660326084
2024-03-15,6.424,6.447,48.62304929242613
2024-03-16,6.084,6.424,48.61827240208286
2024-03-17,6.136,6.084,48.613458109790606
2024-03-18,7.118,6.136,48.60865079221367
2024-03-19,7.035,7.118,48.60395568631888
2024-03-20,6.28,7.035,48.59925225164064
2024-03-21,6.19,6.28,48.594464464305915
2024-03-22,5.987,6.19,48.589667579185516
2024-03-23,5.911,5.987,48.58484881800701
2024-03-24,5.948,5.911,48.580022551458946
2024-03-25,5.646,5.948,48.57520156055637
2024-03-26,6.009,5.646,48.57034751243781
2024-03-27,5.893,6.009,48.56553560203505
2024-03-28,6.485,5.893,48.56071166628985
2024-03-29,5.858,6.485,48.555955736407824
2024-03-30,5.717,5.858,48.551130018083185
2024-03-31,6.718,5.717,48.54628945643576
2024-04-01,7.548,6.718,48.541563096045195
2024-04-02,10.139,7.548,48.53693157835273
2024-04-03,8.051,10.139,48.53259380930863
2024-04-04,10.594,8.051,48.52802116796566
2024-04-05,12.428,10.594,48.523736774339284
2024-04-06,9.843,12.428,48.51966046301525
2024-04-07,7.702,9.843,48.51529317976513
2024-04-08,6.824,7.702,48.51068515298634
2024-04-09,6.735,6.824,48.50597904718899
2024-04-10,6.34,6.735,48.501263957557285
2024-04-11,6.386,6.34,48.49650534988713
2024-04-12,6.098,6.386,48.49175300756123
2024-04-13,6.561,6.098,48.48696923944934
2024-04-14,5.707,6.561,48.48223879047727
2024-04-15,5.955,5.707,48.47741306407942
2024-04-16,5.924,5.955,48.472616401579245
2024-04-17,6.329,5.924,48.46781732461088
2024-04-18,6.061,6.329,48.463065005074995
2024-04-19,6.37,6.061,48.458283536310326
2024-04-20,6.832,6.37,48.45353798624422
2024-04-21,10.514,6.832,48.44884559188275
2024-04-22,14.928,10.514,48.44456931574794
2024-04-23,14.728,14.928,48.4407915238954
2024-04-24,10.034,14.728,48.43699204327736
2024-04-25,10.139,10.034,48.43266445796709
2024-04-26,9.89,10.139,48.42834967887324
2024-04-27,15.581,9.89,48.42400781883731
2024-04-28,15.182,15.581,48.42030803199279
2024-04-29,14.56,15.182,48.41656413606668
2024-04-30,10.179,14.56,48.412751030521456
2024-05-01,10.695,10.179,48.40844542792793
2024-05-02,12.81,10.695,48.40419889652066
2024-05-03,15.02,12.81,48.40019144336861
2024-05-04,29.634,15.02,48.39643368231453
2024-05-05,24.123,29.634,48.39432174696083
2024-05-06,13.932,24.123,48.391590028137315
2024-05-07,11.29,13.932,48.38771206392077
2024-05-08,23.46,11.29,48.38353768425791
2024-05-09,37.286,23.46,48.380733505850586
2024-05-10,35.749,37.286,48.37948536393295
2024-05-11,23.608,35.749,48.37806461192351
2024-05-12,23.892,23.608,48.37527864132268
2024-05-13,19.209,23.892,48.37252523616734
2024-05-14,16.669,19.209,48.369245856291464
2024-05-15,28.182,16.669,48.36568162806386
2024-05-16,32.103,28.182,48.36341252388983
2024-05-17,21.383,32.103,48.361584689748206
2024-05-18,15.538,21.383,48.358552365966055
2024-05-19,15.148,15.538,48.354863834569564
2024-05-20,12.88,15.148,48.35113230700078
2024-05-21,12.612,12.88,48.34714678651685
2024-05-22,13.2,12.612,48.34313205257836
2024-05-23,14.259,13.2,48.339184273197034
2024-05-24,27.894,14.259,48.33535632932719
2024-05-25,17.94,27.894,48.33306057951483
2024-05-26,13.199,17.94,48.32964754632229
2024-05-27,12.919,13.199,48.32570294183696
2024-05-28,19.079,12.919,48.32172778713371
2024-05-29,18.614,19.079,48.31844503816794
2024-05-30,15.661,18.614,48.31511083174318
2024-05-31,28.344,15.661,48.311445948372615
2024-06-01,20.016,28.344,48.3092051846033
2024-06-02,16.073,20.016,48.30603045332136
2024-06-03,20.028,16.073,48.30241404689779
2024-06-04,20.98,20.028,48.29924213596589
2024-06-05,15.881,20.98,48.29617772293887
2024-06-06,13.79,15.881,48.29254210408255
2024-06-07,7.797,13.79,48.28867280475496
2024-06-08,13.518,7.797,48.284132361516036
2024-06-09,21.119,13.518,48.280234376051126
2024-06-10,18.278,21.119,48.27718939461884
2024-06-11,21.835,18.278,48.27382663378545
2024-06-12,15.649,21.835,48.270863304191884
2024-06-13,17.207,15.649,48.2672073742015
2024-06-14,20.537,17.207,48.26372684894666
2024-06-15,41.952,20.537,48.26062021288515
2024-06-16,47.122,41.952,48.25991344387183
2024-06-17,35.084,47.122,48.25978597513163
2024-06-18,25.973,35.084,48.25831019265233
2024-06-19,27.716,25.973,48.255814357710825
2024-06-20,25.806,27.716,48.25351426651736
2024-06-21,22.914,25.806,48.251000828574625
2024-06-22,23.044,22.914,48.248164173757274
2024-06-23,41.102,23.044,48.245342706817425
2024-06-24,24.676,41.102,48.24454313857175
2024-06-25,23.544,24.676,48.24190536094012
2024-06-26,41.193,23.544,48.2391414950761
2024-06-27,36.362,41.193,48.238353071500505
2024-06-28,41.436,36.362,48.23702432311479
2024-06-29,38.054,41.436,48.23626349703546
2024-06-30,28.979,38.054,48.23512454138702
2024-07-01,33.096,28.979,48.2329708533721
2024-07-02,33.834,33.096,48.23127805859987
2024-07-03,38.706,33.834,48.22966816504528
2024-07-04,32.432,38.706,48.22860335420393
2024-07-05,33.233,32.432,48.226837384013415
2024-07-06,29.562,33.233,48.2251613458529
2024-07-07,23.875,29.562,48.22307537722141
2024-07-08,20.967,23.875,48.22035431381314
2024-07-09,19.657,20.967,48.21730890602302
2024-07-10,18.161,19.657,48.21411781005587
2024-07-11,17.286,18.161,48.210760294939114
2024-07-12,23.599,17.286,48.20730578641644
2024-07-13,21.557,23.599,48.20455717636546
2024-07-14,16.227,21.557,48.201581125753854
2024-07-15,15.031,16.227,48.19801054159688
2024-07-16,14.505,15.031,48.19430721304153
2024-07-17,13.912,14.505,48.19054598637937
2024-07-18,13.729,13.912,48.186719401652155
2024-07-19,13.111,13.729,48.18287324478178
2024-07-20,13.128,13.111,48.178958973214286
2024-07-21,13.569,13.128,48.175047472380314
2024-07-22,12.971,13.569,48.17118605222049
2024-07-23,12.165,12.971,48.167258774963734
2024-07-24,11.795,12.165,48.163242458723786
2024-07-25,11.351,11.795,48.15918576687117
2024-07-26,10.938,11.351,48.15508045951372
2024-07-27,17.386,10.938,48.1509300100368
2024-07-28,13.732,17.386,48.14749948706512
2024-07-29,11.391,13.732,48.14366232578883
2024-07-30,11.169,11.391,48.139565039018954
2024-07-31,10.957,11.169,48.13544391929551
2024-08-01,10.59,10.957,48.131300089166295
2024-08-02,9.95,10.59,48.12711628217988
2024-08-03,11.781,9.95,48.122862090483615
2024-08-04,10.831,11.781,48.11881285793872
2024-08-05,16.159,10.831,48.11465868983957
2024-08-06,32.29,16.159,48.111098964019156
2024-08-07,25.541,32.29,48.10933675651593
2024-08-08,15.233,25.541,48.10682329880833
2024-08-09,14.778,15.233,48.10316251670378
2024-08-10,15.013,14.778,48.09945188731767
2024-08-11,13.745,15.013,48.09576824760632
2024-08-12,13.2,13.745,48.09194427251475
2024-08-13,24.098,13.2,48.08806048530722
2024-08-14,14.702,24.098,48.08539047301058
2024-08-15,12.408,14.702,48.08167542844425
2024-08-16,12.079,12.408,48.077705953043285
2024-08-17,12.439,12.079,48.07370075656431
2024-08-18,11.464,12.439,48.06973650016687
2024-08-19,10.958,11.464,48.06566467185762
2024-08-20,10.58,10.958,48.06153747080414
2024-08-21,10.27,10.58,48.05736915035587
2024-08-22,12.297,10.27,48.05316728566663
2024-08-23,15.816,12.297,48.049191727818545
2024-08-24,18.002,15.816,48.04560827126181
2024-08-25,16.379,18.002,48.04226860827034
2024-08-26,13.031,16.379,48.03874929420918
2024-08-27,11.641,13.031,48.0348586797066
2024-08-28,11.105,11.641,48.03081446827426
2024-08-29,12.761,11.105,48.0267116
2024-08-30,11.089,12.761,48.022793622930784
2024-08-31,10.035,11.089,48.018690779826706
2024-09-01,15.485,10.035,48.01447177607464
2024-09-02,18.166,15.485,48.01085899600178
2024-09-03,14.549,18.166,48.00754474181011
2024-09-04,13.007,14.549,48.00382960248723
2024-09-05,22.724,13.007,47.99994408793161
2024-09-06,13.554,22.724,47.997138143872114
2024-09-07,13.56,13.554,47.99331495171495
2024-09-08,11.895,13.56,47.989493274139846
2024-09-09,10.955,11.895,47.98548767062479
2024-09-10,10.526,10.955,47.98137865068797
2024-09-11,10.152,10.526,47.97722294463552
2024-09-12,10.525,10.152,47.97302666962503
2024-09-13,12.139,10.525,47.9688727010538
2024-09-14,10.153,12.139,47.96489866903283
2024-09-15,9.709,10.153,47.96070526782744
2024-09-16,9.751,9.709,47.95646356176536
2024-09-17,14.285,9.751,47.95222745315445
2024-09-18,10.006,14.285,47.94849494456763
2024-09-19,9.346,10.006,47.94428892583971
2024-09-20,10.085,9.346,47.94001068499224
2024-09-21,16.445,10.085,47.93581529424803
2024-09-22,12.756,16.445,47.932325620567376
2024-09-23,12.738,12.756,47.928427966759
2024-09-24,10.969,12.738,47.924529182362065
2024-09-25,11.948,10.969,47.920435294117645
2024-09-26,13.594,11.948,47.91645075321223
2024-09-27,12.972,13.594,47.91264939638941
2024-09-28,11.481,12.972,47.90878
2024-09-29,12.379,11.481,47.90474636252907
2024-09-30,14.261,12.379,47.9008130425155
2024-10-01,14.767,14.261,47.89708894055131
2024-10-02,14.549,14.767,47.89342167367722
2024-10-03,12.017,14.549,47.889731090204755
2024-10-04,11.268,12.017,47.88576111111111
2024-10-05,19.936,11.268,47.88170912913578
2024-10-06,16.95,19.936,47.878617105554326
2024-10-07,16.22,16.95,47.87519541984733
2024-10-08,17.301,16.22,47.87169373893805
2024-10-09,17.47,17.301,47.868312399070895
2024-10-10,19.212,17.47,47.864950497677505
2024-10-11,16.07,19.212,47.86178197500829
2024-10-12,13.337,16.07,47.858266740380365
2024-10-13,13.867,13.337,47.854450127142066
2024-10-14,12.068,13.867,47.85069294715896
2024-10-15,11.886,12.068,47.84673774731955
2024-10-16,10.962,11.886,47.84276330680814
2024-10-17,12.2,10.962,47.838687633992706
2024-10-18,11.008,12.2,47.834749657458566
2024-10-19,11.161,11.008,47.830680852944425
2024-10-20,13.785,11.161,47.82662984975696
2024-10-21,22.879,13.785,47.8228695901911
2024-10-22,21.913,22.879,47.82011457919152
2024-10-23,20.939,21.913,47.81725349530646
2024-10-24,17.972,20.939,47.814285490282685
2024-10-25,15.949,17.972,47.81099054874683
2024-10-26,14.555,15.949,47.80747299624641
2024-10-27,14.749,14.555,47.80380234021415
2024-10-28,12.947,14.749,47.800153907284766
2024-10-29,11.941,12.947,47.79630740536364
2024-10-30,12.236,11.941,47.79235073935114
2024-10-31,15.136,12.236,47.78842749641399
2024-11-01,13.102,15.136,47.78482506619594
2024-11-02,12.646,13.102,47.7809990512962
2024-11-03,12.343,12.646,47.77712358261637
2024-11-04,16.582,12.343,47.77321555089887
2024-11-05,19.392,16.582,47.76977584913983
2024-11-06,16.59,19.392,47.76664675267394
2024-11-07,14.804,16.59,47.763209415656014
2024-11-08,21.685,14.804,47.75957594532025
2024-11-09,20.404,21.685,47.75670176366843
2024-11-10,27.384,20.404,47.753687027444066
2024-11-11,25.117,27.384,47.75144218646683
2024-11-12,22.932,25.117,47.74894803305785
2024-11-13,27.196,22.932,47.74621368444249
2024-11-14,28.558,27.196,47.74394969703647
2024-11-15,28.461,28.558,47.74183624146288
2024-11-16,21.563,28.461,47.73971256746338
2024-11-17,19.413,21.563,47.73682966960352
2024-11-18,16.627,19.413,47.73371064860699
2024-11-19,19.517,16.627,47.73028555384277
2024-11-20,20.444,19.517,47.72717939006936
2024-11-21,27.497,20.444,47.72417595772787
2024-11-22,21.319,27.497,47.72194952118877
2024-11-23,22.649,21.319,47.71904362755888
2024-11-24,19.909,22.649,47.71628473643666
2024-11-25,16.752,19.909,47.713224955985915
2024-11-26,15.883,16.752,47.70981850588623
2024-11-27,17.319,15.883,47.70631720572057
2024-11-28,15.978,17.319,47.70297463425366
2024-11-29,17.072,15.978,47.69948530576331
2024-11-30,14.595,17.072,47.69611705707687
2024-12-01,14.892,14.595,47.6924771717616
2024-12-02,14.075,14.892,47.688870742166024
2024-12-03,13.214,14.075,47.68517528583993
2024-12-04,13.251,13.214,47.681385995383096
2024-12-05,12.814,13.251,47.6776016047483
2024-12-06,12.487,12.814,47.67377001868337
2024-12-07,12.185,12.487,47.669903340659346
2024-12-08,11.753,12.185,47.66600432919459
2024-12-09,11.589,11.753,47.66205871237091
2024-12-10,11.677,11.589,47.6580959463913
2024-12-11,11.373,11.677,47.65414371704745
2024-12-12,11.089,11.373,47.65015896760022
2024-12-13,10.788,11.089,47.646143905117505
2024-12-14,10.675,10.788,47.64209667288898
2024-12-15,14.595,10.675,47.638037922705315
2024-12-16,14.074,14.595,47.634410407289494
2024-12-17,12.344,14.074,47.63072649835346
2024-12-18,11.869,12.344,47.62685351772583
2024-12-19,11.365,11.869,47.62292925812116
2024-12-20,11.199,11.365,47.61895055415341
2024-12-21,11.826,11.199,47.614954509545754
2024-12-22,12.332,11.826,47.61102812945694
2024-12-23,17.248,12.332,47.60715811759544
2024-12-24,13.944,17.248,47.60382816716025
2024-12-25,13.326,13.944,47.60013658697083
2024-12-26,15.51,13.326,47.59637804583836
2024-12-27,18.028,15.51,47.59285980263158
2024-12-28,13.304,18.028,47.58961839710558
2024-12-29,12.814,13.304,47.585859833369874
2024-12-30,13.79,12.814,47.58204838320728
2024-12-31,13.561,13.79,47.57834473914949
2025-01-01,12.514,13.561,47.5746168109589
2025-01-02,13.299,12.514,47.57077497260574
2025-01-03,14.834,13.299,47.567019984660895
2025-01-04,18.956,14.834,47.56343398334794
2025-01-05,23.228,18.956,47.56030029576076
2025-01-06,19.329,23.228,47.557635202628695
2025-01-07,15.076,19.329,47.55454368634323
2025-01-08,13.605,15.076,47.55098712220762
2025-01-09,12.899,13.605,47.54727027263769
2025-01-10,13.338,12.899,47.54347694328881
2025-01-11,12.035,13.338,47.53973250136836
2025-01-12,11.363,12.035,47.535846256567424
2025-01-13,11.029,11.363,47.53188731531137
2025-01-14,10.617,11.029,47.52789268986649
2025-01-15,10.174,10.617,47.523853857095965
2025-01-16,10.112,10.174,47.519767439824946
2025-01-17,9.948,10.112,47.515675134011595
2025-01-18,9.529,9.948,47.51156578429228
2025-01-19,9.655,9.529,47.50741150607022
2025-01-20,9.397,9.655,47.503271916010505
2025-01-21,9.273,9.397,47.499105019136145
2025-01-22,9.087,9.273,47.494925475617755
2025-01-23,8.951,9.087,47.49072651142451
2025-01-24,8.897,8.951,47.48651359860079
2025-01-25,9.348,8.897,47.482295704448575
2025-01-26,12.254,9.348,47.47812802185793
2025-01-27,10.121,12.254,47.4742788110589
2025-01-28,9.579,10.121,47.47019737762238
2025-01-29,9.692,9.579,47.46605762045231
2025-01-30,12.648,9.692,47.46193111208215
2025-01-31,13.844,12.648,47.45812838885855
2025-02-01,10.073,13.844,47.45445712101354
2025-02-02,9.517,10.073,47.45037483892104
2025-02-03,15.626,9.517,47.44623273640533
2025-02-04,11.315,15.626,47.442758532590894
2025-02-05,20.8,11.315,47.43881445414847
2025-02-06,13.494,20.8,47.435906604082525
2025-02-07,12.172,13.494,47.43220196463654
2025-02-08,13.561,12.172,47.4283538579068
2025-02-09,13.103,13.561,47.424658162374506
2025-02-10,12.188,13.103,47.42091330060011
2025-02-11,13.25,12.188,47.41706943050404
2025-02-12,13.778,13.25,47.413342249372754
2025-02-13,15.178,13.778,47.40967347294939
2025-02-14,20.365,15.178,47.40615818518922
2025-02-15,15.6,20.365,47.403209312977104
2025-02-16,19.812,15.6,47.399741511285576
2025-02-17,28.306,19.812,47.39673368948975
2025-02-18,25.773,28.306,47.39465250190777
2025-02-19,19.234,25.773,47.3922956616525
2025-02-20,17.556,19.234,47.38922663760218
2025-02-21,14.277,17.556,47.3859754141238
2025-02-22,17.449,14.277,47.38236759289528
2025-02-23,14.67,17.449,47.3791061669209
2025-02-24,13.657,14.67,47.37554269528271
2025-02-25,16.398,13.657,47.37186965141612
2025-02-26,13.57,16.398,47.36849595904585
2025-02-27,13.236,13.57,47.36481500762361
2025-02-28,13.131,13.236,47.36109848633345
2025-03-01,13.01,13.131,47.35737134146342
2025-03-02,16.44,13.01,47.3536318345128
2025-03-03,12.74,16.44,47.3502665360331
2025-03-04,13.45,12.74,47.34649922716883
2025-03-05,16.75,13.45,47.34281001306051
2025-03-06,15.16,16.75,47.33948072695614
2025-03-07,15.37,15.16,47.33597915125136
2025-03-08,14.12,15.37,47.33250118594277
2025-03-09,12.24,14.12,47.32888798955614
2025-03-10,11.75,12.24,47.325071075818556
2025-03-11,13.22,11.75,47.321201696758756
2025-03-12,16.61,13.22,47.31749302882001
2025-03-13,13.55,16.61,47.31415380600261
2025-03-14,17.13,13.55,47.31048259214961
2025-03-15,15.01,17.13,47.307201391606874
2025-03-16,16.7,15.01,47.303690444613544
2025-03-17,20.7,16.7,47.30036395652174
2025-03-18,13.67,20.7,47.29747292685578
2025-03-19,12.63,13.67,47.293818561182356
2025-03-20,12.88,12.63,47.29005198304901
2025-03-21,16.38,12.88,47.286313385484576
2025-03-22,16.11,16.38,47.28295582835416
2025-03-23,13.06,16.11,47.27956967195308
2025-03-24,11.65,13.06,47.27585298142718
2025-03-25,11.16,11.65,47.27198397046047
2025-03-26,11.33,11.16,47.26806259094364
2025-03-27,10.94,11.33,47.26416052117264
2025-03-28,12.08,10.94,47.26021695798502
2025-03-29,14.45,12.08,47.256398002605295
2025-03-30,15.93,14.45,47.25283712145881
2025-03-31,15.04,15.93,47.249437638376385
2025-04-01,16.39,15.04,47.24594231144873
2025-04-02,18.48,16.39,47.24259422743055
2025-04-03,17.77,18.48,47.239473624823695
2025-04-04,21.22,17.77,47.23627667606856
2025-04-05,26.73,21.22,47.23345464800955
2025-04-06,29.89,26.73,47.231230845986985
2025-04-07,27.06,29.89,47.22935022231862
2025-04-08,28.77,27.06,47.227163131641724
2025-04-09,19.69,28.77,47.22516192128375
2025-04-10,48.83,19.69,47.22217675628795
2025-04-11,63.33,48.83,47.22235104607046
2025-04-12,58.37,63.33,47.22409694342077
2025-04-13,36.42,58.37,47.225304909504715
2025-04-14,26.91,36.42,47.22413398352839
2025-04-15,22.21,26.91,47.2219328637989
2025-04-16,19.22,22.21,47.219223011917656
2025-04-17,19.87,19.22,47.21618983858737
2025-04-18,17.24,19.87,47.213227729636046
2025-04-19,22.07,17.24,47.209981414491494
2025-04-20,21.35,22.07,47.20725886939571
2025-04-21,17.92,21.35,47.20445894964808
2025-04-22,20.9,17.92,47.20128826331746
2025-04-23,23.37,20.9,47.19844087907329
2025-04-24,41.07,23.37,47.19586148516995
2025-04-25,43.09,41.07,47.195198441389756
2025-04-26,33.43,43.09,47.19475415584416
2025-04-27,33.64,33.43,47.193264625040584
2025-04-28,37.89,33.64,47.19179813893097
2025-04-29,37.85,37.89,47.190791777561394
2025-04-30,69.13,37.85,47.1897813067936
2025-05-01,52.96,69.13,47.192154505137914
2025-05-02,41.14,52.96,47.19277832576249
2025-05-03,38.06,41.14,47.19212375905699
2025-05-04,30.22,38.06,47.19113628892733
2025-05-05,40.33,30.22,47.189301373121424
2025-05-06,43.1,40.33,47.18855982702703
2025-05-07,43.75,43.1,47.18811786833856
2025-05-08,37.7,43.75,47.18774626026805
2025-05-09,36.74,37.7,47.186720890522
2025-05-10,30.02,36.74,47.18559200345796
2025-05-11,24.52,30.02,47.18373726634251
2025-05-12,23.57,24.52,47.181288720829734
2025-05-13,20.61,23.57,47.17873807929135
2025-05-14,19.11,20.61,47.17586826528408
2025-05-15,22.62,19.11,47.17283706663787
2025-05-16,19.91,22.62,47.170185572354214
2025-05-17,43.48,19.91,47.16724202569917
2025-05-18,36.68,43.48,47.16684392139926
2025-05-19,31.68,36.68,47.165711799632945
2025-05-20,42.77,31.68,47.16404019861831
2025-05-21,36.94,42.77,47.16356593631948
2025-05-22,31.77,36.94,47.162462594431254
2025-05-23,25.65,31.77,47.160801597064854
2025-05-24,26.11,25.65,47.15848062149331
2025-05-25,21.17,26.11,47.15620977451721
2025-05-26,19.49,21.17,47.153406515641855
2025-05-27,23.78,19.49,47.15042265127818
2025-05-28,19.28,23.78,47.147902113891284
2025-05-29,17.23,19.28,47.14489684028901
2025-05-30,17.3,17.23,47.141671166702615
2025-05-31,17.93,17.3,47.138453735849055
2025-06-01,16.14,17.93,47.13530491591203
2025-06-02,16.64,16.14,47.13196382451223
2025-06-03,15.66,16.64,47.12867734425522
2025-06-04,22.25,15.66,47.12528595753853
2025-06-05,15.87,22.25,47.122605431034486
2025-06-06,18.54,15.87,47.11923805624394
2025-06-07,24.24,18.54,47.1161590605473
2025-06-08,16.38,24.24,47.11369475385112
2025-06-09,18.21,16.38,47.11038436018957
2025-06-10,19.49,18.21,47.107271771674746
2025-06-11,25.08,19.49,47.10429769545552
2025-06-12,19.72,25.08,47.10192617637558
2025-06-13,35.47,19.72,47.09897807924203
2025-06-14,43.0,35.47,47.097726170739584
2025-06-15,36.95,43.0,47.09728508073197
2025-06-16,24.96,36.95,47.09619291787752
2025-06-17,39.51,24.96,47.09381063280241
2025-06-18,48.7,39.51,47.09299455504143
2025-06-19,29.11,48.7,47.09316746287928
2025-06-20,22.73,29.11,47.09123274878967
2025-06-21,20.58,22.73,47.088612134251285
2025-06-22,21.52,20.58,47.08576082607293
2025-06-23,40.67,21.52,47.083011228221125
2025-06-24,62.21,40.67,47.08232158296591
2025-06-25,37.41,62.21,47.083948215053766
2025-06-26,25.59,37.41,47.08290811740673
2025-06-27,24.39,25.59,47.08059754891421
2025-06-28,30.44,24.39,47.07815848650973
2025-06-29,25.84,30.44,47.07637020636286
2025-06-30,21.83,25.84,47.0740879527136
2025-07-01,21.23,21.83,47.07137528476252
2025-07-02,19.32,21.23,47.0685987321371
2025-07-03,18.72,19.32,47.06561757627847
2025-07-04,18.16,18.72,47.062572607154365
2025-07-05,18.67,18.16,47.05946814178303
2025-07-06,17.08,18.67,47.056419117173235
2025-07-07,16.81,17.08,47.053200000000004
2025-07-08,15.9,16.81,47.049952582411684
2025-07-09,16.24,15.9,47.04660815975951
2025-07-10,15.94,16.24,47.0433009554482
2025-07-11,17.36,15.94,47.03996225848004
2025-07-12,15.8,17.36,47.03677668777504
2025-07-13,14.22,15.8,47.03342438291479
2025-07-14,14.98,14.22,47.02990325142183
2025-07-15,13.94,14.98,47.02646442060086
2025-07-16,13.16,13.94,47.022914751636094
2025-07-17,13.32,13.16,47.01928217120789
2025-07-18,12.72,13.32,47.01566753191033
2025-07-19,12.37,12.72,47.01198931788932
2025-07-20,12.35,12.37,47.008274359249334
2025-07-21,12.2,12.35,47.00455805275573
2025-07-22,12.29,12.2,47.000826460812696
2025-07-23,11.89,12.29,46.997105317324184
2025-07-24,11.44,11.89,46.9933420945439
2025-07-25,11.82,11.44,46.989531446945335
2025-07-26,13.53,11.82,46.98576234058515
2025-07-27,21.55,13.53,46.982177282468925
2025-07-28,20.28,21.55,46.97945230901104
2025-07-29,17.51,20.28,46.97659185772445
2025-07-30,17.8,17.51,46.973435286555976
2025-07-31,14.26,17.8,46.97031045415596
2025-08-01,12.91,14.26,46.96680715433223
2025-08-02,12.1,12.91,46.963160034268576
2025-08-03,14.8,12.1,46.95942696220152
2025-08-04,12.2,14.8,46.955983768736616
2025-08-05,11.48,12.2,46.95226296970346
2025-08-06,11.24,11.48,46.94846589595375
2025-08-07,13.87,11.24,46.94464394734025
2025-08-08,20.49,13.87,46.94110428082192
2025-08-09,22.61,20.49,46.93827377207063
2025-08-10,15.78,22.61,46.93567070404451
2025-08-11,24.67,15.78,46.93233747726543
2025-08-12,16.53,24.67,46.929955969191276
2025-08-13,14.32,16.53,46.926704289228795
2025-08-14,13.83,14.32,46.92321694117647
2025-08-15,17.13,13.83,46.91967793818843
2025-08-16,20.96,17.13,46.91649255774166
2025-08-17,20.58,20.96,46.91371735272105
2025-08-18,38.82,20.58,46.910902116741504
2025-08-19,26.0,38.82,46.910037242116516
2025-08-20,20.07,26.0,46.907802308678924
2025-08-21,36.31,20.07,46.90493410281073
2025-08-22,31.63,36.31,46.903801923487926
2025-08-23,29.46,31.63,46.90216993268512
2025-08-24,27.28,29.46,46.90030645299145
2025-08-25,22.57,27.28,46.89821049033223
2025-08-26,19.45,22.57,46.89561187780389
2025-08-27,16.84,19.45,46.89268059382677
2025-08-28,15.65,16.84,46.88947120888509
2025-08-29,15.1,15.65,46.886135440469836
2025-08-30,13.66,15.1,46.882741661328204
2025-08-31,13.89,13.66,46.879194875627206
2025-09-01,15.96,13.89,46.87567339880444
2025-09-02,26.87,15.96,46.87237361511367
2025-09-03,38.88,26.87,46.87023889007471
2025-09-04,26.64,38.88,46.86938623412656
2025-09-05,19.86,26.64,46.867227742210844
2025-09-06,17.8,19.86,46.86434635655606
2025-09-07,32.78,17.8,46.861245828888414
2025-09-08,27.58,32.78,46.85974382933333
2025-09-09,25.32,27.58,46.85768754266211
2025-09-10,19.15,25.32,46.855390679321744
2025-09-11,17.55,19.15,46.8524363830241
2025-09-12,15.69,17.55,46.84931212282759
2025-09-13,15.14,15.69,46.845990234541574
2025-09-14,14.55,15.14,46.84261042532779
2025-09-15,16.32,14.55,46.83916845022383
2025-09-16,13.91,16.32,46.83591584780987
2025-09-17,13.59,13.91,46.832407118499574
2025-09-18,22.15,13.59,46.82886503995738
2025-09-19,21.2,22.15,46.82623571276369
2025-09-20,17.52,21.2,46.823505741983595
2025-09-21,14.46,17.52,46.820384363016615
2025-09-22,13.98,14.46,46.816937735648104
2025-09-23,13.48,13.98,46.813440724174654
2025-09-24,14.26,13.48,46.80989121499308
2025-09-25,14.97,14.26,46.80642551107325
2025-09-26,14.34,14.97,46.80303613329075
2025-09-27,13.53,14.34,46.799580413029595
2025-09-28,22.83,13.53,46.796039212347
2025-09-29,20.8,22.83,46.79348854831843
2025-09-30,22.0,20.8,46.79072240076621
2025-10-01,17.26,22.0,46.788084528623116
2025-10-02,20.52,17.26,46.784942908820085
2025-10-03,19.26,20.52,46.782148765957444
2025-10-04,19.19,19.26,46.77922118923519
2025-10-05,17.49,19.19,46.77628679004467
2025-10-06,21.34,17.49,46.77317222163139
2025-10-07,19.8,21.34,46.77046771586559
2025-10-08,20.86,19.8,46.76760004253057
2025-10-09,22.56,20.86,46.764845672974694
2025-10-10,22.7,22.56,46.76227260550654
2025-10-11,19.53,22.7,46.7597149659864
2025-10-12,32.86,19.53,46.756820958656604
2025-10-13,21.49,32.86,46.7553441445271
2025-10-14,18.75,21.49,46.752659483583045
2025-10-15,17.23,18.75,46.749684275393115
2025-10-16,31.63,17.23,46.74654822054605
2025-10-17,20.63,31.63,46.744942468663695
2025-10-18,21.58,20.63,46.74216870950611
2025-10-19,18.74,21.58,46.73949643160578
2025-10-20,21.21,18.74,46.73652313900393
2025-10-21,18.9,21.21,46.73381274155872
2025-10-22,23.43,18.9,46.73085767066568
2025-10-23,27.21,23.43,46.72838411889597
2025-10-24,25.69,27.21,46.72631232353253
2025-10-25,24.04,25.69,46.72407964338782
2025-10-26,22.42,24.04,46.7216723336517
2025-10-27,29.36,22.42,46.719093633276735
2025-10-28,26.62,29.36,46.71725181962865
2025-10-29,21.03,26.62,46.71511971143645
2025-10-30,18.58,21.03,46.712395077967535
2025-10-31,21.14,18.58,46.70941115825202
2025-11-01,17.61,21.14,46.70669937427087
2025-11-02,18.8,17.61,46.70361382820785
2025-11-03,19.96,18.8,46.700655116106454
2025-11-04,22.47,19.96,46.697820016963526
2025-11-05,26.9,22.47,46.69525160606381
2025-11-06,25.87,26.9,46.69315331778673
2025-11-07,19.86,25.87,46.69094630630631
2025-11-08,17.0,19.86,46.68810284018652
2025-11-09,17.15,17.0,46.6849569142736
2025-11-10,26.65,17.15,46.68182754820937
2025-11-11,17.21,26.65,46.67970530776565
2025-11-12,16.13,17.21,46.67658351694915
2025-11-13,18.46,16.13,46.673347992797375
2025-11-14,27.16,18.46,46.67035992374497
2025-11-15,23.3,27.16,46.66829380493487
2025-11-16,49.2,23.3,46.66581939855993
2025-11-17,41.75,49.2,46.6660877077819
2025-11-18,33.33,41.75,46.66556726656786
2025-11-19,29.57,33.33,46.66415564729544
2025-11-20,26.05,29.57,46.66234635901778
2025-11-21,23.03,26.05,46.660164927505555
2025-11-22,20.3,23.03,46.657664380952376
2025-11-23,18.93,20.3,46.65487550523754
2025-11-24,18.73,18.93,46.651942276766825
2025-11-25,17.65,18.73,46.648988511583624
2025-11-26,17.33,17.65,46.64592113391157
2025-11-27,16.07,17.33,46.64282056054997
2025-11-28,15.99,16.07,46.63958739424704
2025-11-29,15.7,15.99,46.63634645236333
2025-11-30,17.38,15.7,46.63307553393952
2025-12-01,26.71,17.38,46.62998291574162
2025-12-02,25.95,26.71,46.627877209302326
2025-12-03,32.17,25.95,46.62569161822218
2025-12-04,22.45,32.17,46.624163855421685
2025-12-05,35.34,22.45,46.62160925710663
2025-12-06,25.62,35.34,46.62041720202874
2025-12-07,23.68,25.62,46.618198457474904
2025-12-08,22.11,23.68,46.615775237692795
2025-12-09,23.3,22.11,46.61318669060949
2025-12-10,18.08,23.3,46.61072437684833
2025-12-11,17.39,18.08,46.607711310592464
2025-12-12,18.9,17.39,46.60462601900739
2025-12-13,17.08,18.9,46.60170081300813
2025-12-14,16.02,17.08,46.59858407939189
2025-12-15,15.39,16.02,46.59535610682993
2025-12-16,15.47,15.39,46.59206231792273
2025-12-17,15.74,15.47,46.588777667546175
2025-12-18,14.45,15.74,46.58552220346138
2025-12-19,15.91,14.45,46.582131307375754
2025-12-20,18.5,15.91,46.57889516775691
2025-12-21,15.83,18.5,46.57593294651335
2025-12-22,14.53,15.83,46.572689704641355
2025-12-23,13.91,14.53,46.56931003058749
2025-12-24,13.33,13.91,46.565865682345496
2025-12-25,13.07,13.33,46.56236089844985
2025-12-26,13.04,13.07,46.55882943905525
2025-12-27,12.71,13.04,46.55529556141276
2025-12-28,12.5,12.71,46.55172764073371
2025-12-29,12.25,12.5,46.54813833667123
2025-12-30,12.22,12.25,46.5445234401349
2025-12-31,12.02,12.22,46.540906143956164
2026-01-01,12.01,12.02,46.53726853530031
2026-01-02,12.37,12.01,46.53363063955326
2026-01-03,13.61,12.37,46.53003143699958
2026-01-04,13.72,13.61,46.52656361529549
2026-01-05,17.49,13.72,46.52310811038551
2026-01-06,17.6,17.49,46.52005038441285
2026-01-07,20.7,17.6,46.517004886267905
2026-01-08,15.06,20.7,46.51428644835211
2026-01-09,14.26,15.06,46.510974773636555
2026-01-10,14.38,14.26,46.50757957679755
2026-01-11,14.48,14.38,46.50419772631579
2026-01-12,20.75,14.48,46.50082711293548
2026-01-13,18.86,20.75,46.49811707009051
2026-01-14,25.66,18.86,46.49520871303799
2026-01-15,21.08,25.66,46.49301645622896
2026-01-16,18.26,21.08,46.49034280904787
2026-01-17,15.61,18.26,46.48737306964023
2026-01-18,14.35,15.61,46.484125213000944
2026-01-19,14.16,14.35,46.48074551956247
2026-01-20,13.61,14.16,46.477346555894414
2026-01-21,13.49,13.61,46.47389047318612
2026-01-22,13.3,13.49,46.47042250026285
2026-01-23,14.58,13.3,46.466935281749365
2026-01-24,12.64,14.58,46.46358334910123
2026-01-25,12.22,12.64,46.46002821105739
2026-01-26,13.66,12.22,46.45642967945349
2026-01-27,17.71,13.66,46.45298322824716
2026-01-28,16.68,17.71,46.449963055584746
2026-01-29,17.92,16.68,46.44683530153394
2026-01-30,13.63,17.92,46.443838470427565
2026-01-31,18.78,13.63,46.44039163865546
2026-02-01,17.8,18.78,46.437486440499946
2026-02-02,23.28,17.8,46.43447893299727
2026-02-03,17.27,23.28,46.43204750603801
2026-02-04,15.54,17.27,46.42898555228896
2026-02-05,14.25,15.54,46.42574261417323
2026-02-06,32.39,14.25,46.42236493806424
2026-02-07,23.55,32.39,46.42089203316889
2026-02-08,19.38,23.55,46.4184916456759
2026-02-09,16.06,19.38,46.41565415048798
2026-02-10,14.79,16.06,46.4124688772298
2026-02-11,14.43,14.79,46.409151022977646
2026-02-12,13.77,14.43,46.40579609735628
2026-02-13,13.9,13.77,46.40237264240008
2026-02-14,15.18,13.9,46.39896354101112
2026-02-15,14.73,15.18,46.39568939695857
2026-02-16,18.2,14.73,46.392368749999996
2026-02-17,16.88,18.2,46.389412645486004
2026-02-18,19.17,16.88,46.38631876703712
2026-02-19,15.3,19.17,46.38346560436104
2026-02-20,13.79,15.3,46.38020737945492
2026-02-21,13.38,13.79,46.376791573210355
2026-02-22,12.73,13.38,46.37333351498638
2026-02-23,16.37,12.73,46.369808068741484
2026-02-24,22.68,16.37,46.366664752724226
2026-02-25,22.68,22.68,46.364183174436874
2026-02-26,17.21,22.68,46.36170211606956
2026-02-27,15.62,17.21,46.35864862260396
2026-02-28,14.24,15.62,46.355429241726014
2026-03-01,13.49,14.24,46.35206601738402
2026-03-02,13.27,13.49,46.34862496335078
2026-03-03,12.15,13.27,46.345161595644434
2026-03-04,13.67,12.15,46.34158170016751
2026-03-05,13.42,13.67,46.338161666492205
2026-03-06,12.62,13.42,46.334716181703996
2026-03-07,12.09,12.62,46.331187692307694
2026-03-08,12.4,12.09,46.327604478861446
2026-03-09,12.47,12.4,46.32405445223396
2026-03-10,12.7,12.47,46.32051249215317
2026-03-11,13.8,12.7,46.316995334239984
2026-03-12,13.08,13.8,46.3135939748954
2026-03-13,14.3,13.08,46.3101180211275
2026-03-14,11.65,14.3,46.306770382765116
2026-03-15,10.97,11.65,46.303146334832164
2026-03-16,12.26,10.97,46.29945194479297
2026-03-17,12.3,12.26,46.29589319393623
2026-03-18,39.8,12.3,46.29233936859711
2026-03-19,21.36,39.8,46.2916607504965
2026-03-20,17.72,21.36,46.28905501672241
2026-03-21,15.79,17.72,46.28606943254258
2026-03-22,18.39,15.79,46.28288280041797
2026-03-23,15.81,18.39,46.27996848814126
2026-03-24,15.14,15.81,46.27678524864187
2026-03-25,14.02,15.14,46.273532685678475
2026-03-26,12.93,14.02,46.270163818675584
2026-03-27,12.93,12.93,46.26668181723238
2026-03-28,13.37,12.93,46.263200543024226
2026-03-29,12.74,13.37,46.2597659392294
2026-03-30,14.38,12.74,46.256266276884524
2026-03-31,16.32,14.38,46.252938553084874
2026-04-01,20.42,16.32,46.24981402922756
2026-04-02,28.84,20.42,46.247118087882264
2026-04-03,16.99,28.84,46.24530144020038
2026-04-04,16.35,16.99,46.24224860690807
2026-04-05,14.92,16.35,46.2391296327212
2026-04-06,14.23,14.92,46.23586211789254
2026-04-07,12.82,14.23,46.23252330481953
2026-04-08,17.03,12.82,46.22903811411286
2026-04-09,17.03,17.03,46.22599274092616
2026-04-10,13.5,17.03,46.22294800292001
2026-04-11,16.13,13.5,46.21953580813347
2026-04-12,12.39,16.13,46.2163985402982
2026-04-13,13.05,12.39,46.21287201834862
2026-04-14,14.78,13.05,46.209415031794016
2026-04-15,15.08,14.78,46.20613908692933
2026-04-16,24.02,15.08,46.202895091193334
2026-04-17,49.72,24.02,46.20058340975407
2026-04-18,32.78,49.72,46.20095013024903
2026-04-19,24.77,32.78,46.199551823296524
2026-04-20,31.02,24.77,46.19731934576518
2026-04-21,25.35,31.02,46.195738375
2026-04-22,23.25,25.35,46.193567170086446
2026-04-23,21.54,23.25,46.19117771297646
2026-04-24,19.9,21.54,46.188610684161205
2026-04-25,29.28,19.9,46.18587342773844
2026-04-26,41.97,29.28,46.184113315981264
2026-04-27,25.06,41.97,46.183674620029144
2026-04-28,27.31,25.06,46.18147584053294
2026-04-29,20.39,27.31,46.17951169858451
2026-04-30,17.26,20.39,46.176827807264026
2026-05-01,14.43,17.26,46.173818772112384
2026-05-02,30.13,14.43,46.17051590885444
2026-05-03,20.75,30.13,46.16884710778194
2026-05-04,30.19,20.75,46.166202891917195
2026-05-05,23.62,30.19,46.16454112752236
2026-05-06,17.47,23.62,46.16219640145606
2026-05-07,16.11,17.47,46.15921260399334
2026-05-08,14.51,16.11,46.15608801081419
2026-05-09,13.7,14.51,46.15279771262217
2026-05-10,13.53,13.7,46.14942389021728
2026-05-11,13.11,13.53,46.1460330977131
2026-05-12,12.88,13.11,46.142599355576344
2026-05-13,12.43,12.88,46.139142423612554
2026-05-14,14.72,12.43,46.13563944715785
2026-05-15,13.43,14.72,46.13237514546966
2026-05-16,12.98,13.43,46.1289774961039
2026-05-17,12.24,12.98,46.125533804280074
2026-05-18,12.53,12.24,46.12201396073543
2026-05-19,12.44,12.53,46.11852496884088
2026-05-20,11.23,12.44,46.11502735486551
2026-05-21,11.37,11.23,46.11140481827622
2026-05-22,16.18,11.37,46.10779757034576
2026-05-23,12.44,16.18,46.10469044850498
2026-05-24,15.24,12.44,46.101195723035396
2026-05-25,11.51,15.24,46.09799236039028
2026-05-26,10.94,11.51,46.09440253243383
2026-05-27,10.61,10.94,46.09075429638854
2026-05-28,11.69,10.61,46.08707257445263
2026-05-29,10.86,11.69,46.08350367296119
2026-05-30,11.73,10.86,46.07984940346509
2026-05-31,10.7,11.73,46.07628614107884
2026-06-01,9.71,10.7,46.072616782491444
2026-06-02,9.64,9.71,46.06884550923045
2026-06-03,11.21,9.64,46.065067758996165
2026-06-04,11.21,11.21,46.06145358772294
2026-06-05,12.71,11.21,46.05784016588906
2026-06-06,10.55,12.71,46.05438299813394
2026-06-07,13.87,10.55,46.050702643308796
2026-06-08,23.48,13.87,46.0473671641791
2026-06-09,23.19,23.48,46.045028334542444
2026-06-10,17.27,23.19,46.042659937823835
2026-06-11,15.39,17.27,46.03967862397679
2026-06-12,11.38,15.39,46.0365031496063
2026-06-13,11.38,11.38,46.032912918263754
2026-06-14,12.97,11.38,46.0293234307023
2026-06-15,12.19,12.97,46.025899368203
2026-06-16,11.74,12.19,46.02239523612262
2026-06-17,10.26,11.74,46.018845231438334
2026-06-18,14.2,10.26,46.01514272106026
2026-06-19,17.57,14.2,46.011848887048345
2026-06-20,17.44,17.57,46.00890459627329
2026-06-21,19.82,17.44,46.00594745885519
2026-06-22,16.96,19.82,46.00323725936659
2026-06-23,34.95,16.96,46.0002316464866
2026-06-24,19.27,34.95,45.99908820364238
2026-06-25,12.44,19.27,45.99632264873254
2026-06-26,12.36,12.44,45.99285106559073
2026-06-27,11.6,12.36,45.98937192510603
2026-06-28,11.19,11.6,45.98581489449732
2026-06-29,10.55,11.19,45.982216196090604
2026-06-30,10.18,10.55,45.97855205791107
2026-07-01,10.89,10.18,45.97485041877779
2026-07-02,11.0,10.89,45.9712229528536
2026-07-03,10.74,11.0,45.967607608808024
2026-07-04,10.39,10.74,45.963966136034735
2026-07-05,10.23,10.39,45.96028924031008
2026-07-06,10.09,10.23,45.95659656883009
2026-07-07,9.52,10.09,45.95289019324171
2026-07-08,9.32,9.52,45.94912568712544
2026-07-09,9.57,9.32,45.945341295588385
2026-07-10,9.37,9.57,45.9415835123967
2026-07-11,9.57,9.37,45.93780584650346
2026-07-12,11.87,9.57,45.934049617847556
2026-07-13,10.38,11.87,45.93053169472271
2026-07-14,9.27,10.38,45.926860636100784
2026-07-15,8.72,9.27,45.923075725348475
2026-07-16,8.8,8.72,45.919234813132356
2026-07-17,8.37,8.8,45.915402952410446
2026-07-18,8.48,8.37,45.91152749793559
2026-07-19,8.44,8.48,45.90766419651151
2026-07-20,16.44,8.44,45.903797564499484
2026-07-21,19.07,16.44,45.900757238675055
2026-07-22,11.02,19.07,45.897988898060255
2026-07-23,16.02,11.02,45.894390632415146
2026-07-24,22.74,16.02,45.89130889209821
2026-07-25,11.8,22.74,45.88892092831357
2026-07-26,15.17,11.8,45.88540515676568
2026-07-27,11.55,15.17,45.88223764050737
2026-07-28,10.52,11.55,45.87869750464014
2026-07-29,10.71,10.52,45.875051902257965
2026-07-30,9.63,10.71,45.87142663917526
2026-07-31,9.22,9.63,45.867690794763426
2026-08-01,8.92,9.22,45.86391346114203
2026-08-02,8.64,8.92,45.860105987838814
2026-08-03,8.6,8.64,45.856270445177245
2026-08-04,8.87,8.6,45.85243157135498
2026-08-05,9.24,8.87,45.84862130640841
2026-08-06,8.63,9.24,45.84484994333986
2026-08-07,8.37,8.63,45.84101652245571
2026-08-08,8.21,8.37,45.83715711195798
2026-08-09,8.42,8.21,45.833282018537595
2026-08-10,8.16,8.42,45.82942934816188
2026-08-11,7.75,8.16,45.82555070016474
2026-08-12,7.78,7.75,45.82163063934932
2026-08-13,7.57,7.78,45.817714473955114
2026-08-14,7.53,7.57,45.81377749871333
2026-08-15,7.36,7.53,45.80983721696171
2026-08-16,7.91,7.36,45.80588025110631
2026-08-17,13.42,7.91,45.80198069561638
2026-08-18,15.11,13.42,45.79864887334088
2026-08-19,9.97,15.11,45.79549160493827
2026-08-20,8.86,9.97,45.79180623392655
2026-08-21,8.69,8.86,45.78800744702736
2026-08-22,8.58,8.69,45.78419195721485
2026-08-23,8.31,8.58,45.78036593994241
2026-08-24,8.1,8.31,45.77651294601542
2026-08-25,7.86,8.1,45.77263915278635
2026-08-26,7.77,7.86,45.768741482471476
2026-08-27,7.7,7.77,45.7648353618421
2026-08-28,8.1,7.7,45.76092284921369
2026-08-29,11.62,8.1,45.75705225077081
2026-08-30,12.56,11.62,45.753544178398926
2026-08-31,9.19,12.56,45.750133415536375
