fecha,obs,pred_gbm_v2
2021-04-18,18.71,31.898728082859048
2021-04-19,16.43,30.881294085316682
2021-04-20,31.78,26.337223470050834
2021-04-21,38.98,22.650407832836216
2021-04-22,128.57,27.191190761359778
2021-04-23,49.89,35.461006041295256
2021-04-24,34.31,38.34274856285032
2021-04-25,56.56,39.19805516431383
2021-04-26,48.8,44.0585577441751
2021-04-27,34.29,42.23213918416155
2021-04-28,41.714,45.42966621429891
2021-04-29,41.57,40.280968463286555
2021-04-30,33.461,40.391096813145126
2021-05-01,68.132,38.15489291701809
2021-05-02,39.244,40.29019629237524
2021-05-03,38.882,47.943977415451855
2021-05-04,42.048,43.633873228765495
2021-05-05,29.783,40.94499458965115
2021-05-06,46.93,43.87988335327611
2021-05-07,94.098,44.677101904866355
2021-05-08,41.734,45.34849944175625
2021-05-09,29.285,47.56560026872108
2021-05-10,24.48,43.901689152671715
2021-05-11,28.771,36.79008839896688
2021-05-12,28.236,32.556857490425614
2021-05-13,48.405,34.004368689320366
2021-05-14,150.421,38.26796978571929
2021-05-15,96.352,42.40905973144665
2021-05-16,178.52,53.33268457627329
2021-05-17,71.107,57.23410919041898
2021-05-18,70.515,57.328690717360594
2021-05-19,46.272,48.776459487765486
2021-05-20,30.229,47.708209657612976
2021-05-21,82.157,43.76359206883599
2021-05-22,85.185,45.95839277649022
2021-05-23,37.351,48.947430294932865
2021-05-24,103.989,42.69166782953315
2021-05-25,63.149,40.293698901740306
2021-05-26,21.877,50.23664748749857
2021-05-27,31.057,44.78413578677234
2021-05-28,55.089,40.19753364188039
2021-05-29,35.161,41.61176268703697
2021-05-30,85.736,38.90286899692591
2021-05-31,146.083,44.86872143929724
2021-06-01,55.561,57.27009714934143
2021-06-02,67.059,64.06943770256551
2021-06-03,43.427,46.16021643203368
2021-06-04,31.515,50.59979457940797
2021-06-05,53.467,43.435899696754326
2021-06-06,41.209,41.85989490469916
2021-06-07,81.02,41.65281708300246
2021-06-08,70.226,46.1863555845784
2021-06-09,48.393,56.285492471077674
2021-06-10,73.072,44.45966680604377
2021-06-11,68.669,41.563636205482766
2021-06-12,50.282,48.381928524616505
2021-06-13,66.786,52.303503236916725
2021-06-14,43.785,55.786854305320695
2021-06-15,49.334,48.97430620649144
2021-06-16,35.317,43.356586631411886
2021-06-17,36.019,42.983942512992996
2021-06-18,33.933,44.9821890611879
2021-06-19,44.584,44.48165970471242
2021-06-20,41.533,40.044702800299675
2021-06-21,29.612,46.45961816020985
2021-06-22,32.949,40.128467620926486
2021-06-23,88.819,35.669111309007945
2021-06-24,59.114,43.34665896373171
2021-06-25,32.045,41.40621629393786
2021-06-26,71.561,46.754442705912226
2021-06-27,43.948,40.412390622661505
2021-06-28,32.615,47.545682749248186
2021-06-29,32.184,43.20519283870022
2021-06-30,25.098,41.552766680679944
2021-07-01,24.729,36.77707453121487
2021-07-02,28.661,33.52160824830411
2021-07-03,26.539,31.095235897643665
2021-07-04,22.621,28.560627183866046
2021-07-05,25.242,30.595510229151913
2021-07-06,32.097,31.08386788367896
2021-07-07,19.087,26.502890321523683
2021-07-08,27.979,29.73432598029853
2021-07-09,24.767,32.431585593358186
2021-07-10,65.07,35.78520514220431
2021-07-11,26.661,37.502268720453195
2021-07-12,24.842,36.235174190835814
2021-07-13,16.862,33.50798787669477
2021-07-14,26.23,30.794269159642216
2021-07-15,66.331,28.890500131641776
2021-07-16,74.907,33.438142038722724
2021-07-17,96.241,39.45602922505561
2021-07-18,25.381,43.8079684163553
2021-07-19,22.876,42.359353773209506
2021-07-20,25.293,30.995377315654252
2021-07-21,18.384,29.15908908492128
2021-07-22,24.559,25.923949900587562
2021-07-23,93.869,24.594224994810094
2021-07-24,30.61,32.40254164605668
2021-07-25,19.171,37.10678305607924
2021-07-26,109.018,32.78142364613576
2021-07-27,39.212,45.31865928394456
2021-07-28,77.364,37.91961997875623
2021-07-29,41.932,33.653121466464754
2021-07-30,24.218,50.507136295375744
2021-07-31,19.56,37.63502600472204
2021-08-01,25.138,32.502322120649914
2021-08-02,23.157,29.052101405177446
2021-08-03,15.876,28.316308321385048
2021-08-04,16.414,28.411680335786826
2021-08-05,19.304,25.256277743386114
2021-08-06,22.519,23.5664569581632
2021-08-07,26.944,23.377932878667252
2021-08-08,23.871,30.589389865512768
2021-08-09,19.821,29.67446532961943
2021-08-10,21.378,39.32666724084065
2021-08-11,56.102,35.6096467623651
2021-08-12,69.954,34.26512031342846
2021-08-13,76.633,39.383232505811606
2021-08-14,45.399,46.95296661748579
2021-08-15,27.89,55.43155047201131
2021-08-16,64.999,48.882005457412255
2021-08-17,29.378,48.06154080257511
2021-08-18,45.487,50.483684972574075
2021-08-19,42.132,49.20741111293427
2021-08-20,31.983,47.837356741608296
2021-08-21,29.074,43.719478439166444
2021-08-22,128.952,44.33843304898006
2021-08-23,81.666,42.974260230386015
2021-08-24,65.973,51.2340287302957
2021-08-25,61.091,50.41476297599907
2021-08-26,32.251,58.18907600342032
2021-08-27,37.529,48.86451625800052
2021-08-28,28.728,47.66508245171077
2021-08-29,101.361,38.088886929854944
2021-08-30,60.394,46.19600010309709
2021-08-31,37.5,49.30171149260196
2021-09-01,32.81,51.17763435352484
2021-09-02,26.73,48.43366457141664
2021-09-03,32.578,41.315863326444635
2021-09-04,85.93,38.609677170992995
2021-09-05,47.025,43.445625536803334
2021-09-06,86.541,47.39102641768935
2021-09-07,47.91,46.25821372060668
2021-09-08,27.908,47.30729806466808
2021-09-09,39.238,45.81427951460322
2021-09-10,32.306,40.5519717058211
2021-09-11,40.525,48.46190301774156
2021-09-12,22.884,47.204974083169404
2021-09-13,57.622,44.936864670609594
2021-09-14,60.66,37.40866037504037
2021-09-15,28.429,43.62931631168217
2021-09-16,27.677,46.588209198855104
2021-09-17,27.475,42.459341838319915
2021-09-18,41.995,36.878203714194846
2021-09-19,24.542,39.15115884908562
2021-09-20,89.454,40.49348240680165
2021-09-21,47.09,40.15673316846755
2021-09-22,81.999,40.422026020125664
2021-09-23,48.51,51.340154104918895
2021-09-24,29.905,52.41459447191521
2021-09-25,24.611,50.55301426519046
2021-09-26,25.482,44.983441812187515
2021-09-27,25.811,35.89782107138868
2021-09-28,43.283,41.463798185923935
2021-09-29,51.901,42.76168290937118
2021-09-30,30.324,47.68128467721663
2021-10-01,121.363,46.13996766552417
2021-10-02,76.505,50.571625881246
2021-10-03,37.593,45.982326030247535
2021-10-04,44.795,51.478594415003364
2021-10-05,26.553,55.727111758702314
2021-10-06,33.383,57.384429297027
2021-10-07,34.15,48.18666856813045
2021-10-08,43.561,46.1255853929404
2021-10-09,58.158,42.413910888968005
2021-10-10,36.281,44.55020475973629
2021-10-11,28.328,48.116116912592446
2021-10-12,50.893,42.35686185373806
2021-10-13,33.041,46.44760963569056
2021-10-14,20.414,44.38639227955041
2021-10-15,76.254,48.94970440181198
2021-10-16,39.275,37.60755083699842
2021-10-17,26.048,48.05103828875834
2021-10-18,91.739,43.11246495097562
2021-10-19,59.418,45.58223722284169
2021-10-20,42.894,44.128722041242405
2021-10-21,55.051,43.24081284997496
2021-10-22,31.1,54.02806482476689
2021-10-23,29.82,52.62921057365403
2021-10-24,52.04,50.35167491655259
2021-10-25,52.422,39.16461997320023
2021-10-26,64.357,45.74926613878013
2021-10-27,22.051,52.56532268196099
2021-10-28,35.162,55.01252047514224
2021-10-29,54.729,47.08282563149467
2021-10-30,76.526,52.8128082642394
2021-10-31,44.573,45.87003500826092
2021-11-01,31.513,48.69275075546757
2021-11-02,40.146,49.015561424295186
2021-11-03,96.833,48.810474080365594
2021-11-04,30.521,49.32663780762443
2021-11-05,34.249,48.26566361965362
2021-11-06,83.344,43.015017956369945
2021-11-07,54.669,46.60600147346907
2021-11-08,44.253,48.68092609813097
2021-11-09,46.471,55.80269325365394
2021-11-10,40.545,58.80389048467956
2021-11-11,37.574,52.31930550655485
2021-11-12,37.63,45.42176997543365
2021-11-13,32.828,49.00117839913556
2021-11-14,37.019,45.15532412005686
2021-11-15,22.711,48.28156923769321
2021-11-16,23.478,46.31553421535006
2021-11-17,21.679,36.03423604750263
2021-11-18,24.624,30.238677308204977
2021-11-19,28.557,28.04015928380538
2021-11-20,28.461,27.518302456008012
2021-11-21,37.853,35.78855068748188
2021-11-22,41.933,41.22191181918925
2021-11-23,58.018,48.82340920843313
2021-11-24,48.596,52.02488139431592
2021-11-25,41.813,57.437868139399626
2021-11-26,80.602,55.325264804880696
2021-11-27,27.104,54.88685351747916
2021-11-28,24.615,49.92354498711389
2021-11-29,37.959,39.36574093949143
2021-11-30,65.195,41.09112594578928
2021-12-01,33.568,45.08055860385261
2021-12-02,50.724,42.894956838105955
2021-12-03,67.434,41.84733691176405
2021-12-04,35.659,46.11786782629894
2021-12-05,48.695,45.064284320481434
2021-12-12,17.668,32.39081049428396
2021-12-13,16.233,31.13046369845421
2021-12-14,16.99,24.99196567982079
2021-12-15,16.962,25.291982768513645
2021-12-16,17.365,23.411251850834603
2021-12-17,15.17,27.05747150660859
2021-12-18,15.005,25.709784218154308
2021-12-19,20.983,24.159093271294427
2021-12-20,20.401,23.70635594569993
2021-12-21,21.478,26.05232436262123
2021-12-22,24.126,25.14662723752453
2021-12-23,26.135,26.584196034518246
2021-12-24,22.215,26.612192899314987
2021-12-25,27.302,27.23316502182094
2021-12-27,29.195,28.60484721443535
2021-12-31,48.85,32.034072176457386
2022-01-01,31.106,32.342360716764524
2022-01-02,24.54,33.80276220691525
2022-01-03,21.593,33.97256127268602
2022-01-04,20.701,31.08785278699315
2022-01-05,15.575,28.8529634937624
2022-01-06,18.611,28.135626120439685
2022-01-07,18.799,29.601612349589573
2022-01-08,28.717,32.901866778430744
2022-01-09,23.564,26.987598250747286
2022-01-10,14.614,27.177771091940155
2022-01-11,16.765,28.638947161057857
2022-01-12,24.419,26.936832519272617
2022-01-13,30.447,24.096194793689254
2022-01-14,29.287,26.451628603525766
2022-01-15,18.959,30.32409168795977
2022-01-16,29.646,32.19094750280478
2022-01-17,12.309,33.248837766162794
2022-01-18,14.6,31.587559044396148
2022-01-19,26.994,24.316191679024858
2022-01-20,20.409,24.9994083330204
2022-01-21,18.758,24.221786589877986
2022-01-22,21.368,28.08773293626786
2022-01-23,17.982,32.03458485316646
2022-01-24,17.791,28.74248847658576
2022-01-26,20.346,27.110595405077408
2022-01-30,9.585,20.776519601343853
2022-01-31,12.936,19.179352901553443
2022-02-01,15.591,18.888092939122362
2022-02-02,15.925,18.560069012058
2022-02-03,17.799,18.733904588155188
2022-02-04,19.166,21.42783600848459
2022-02-05,25.387,24.090276276997034
2022-02-06,30.468,22.61316599975485
2022-02-07,25.109,25.04546806500601
2022-02-08,34.217,34.93898401782067
2022-02-09,23.096,38.29469271666636
2022-02-10,17.747,40.29420719927025
2022-02-11,16.464,27.652792131375612
2022-02-12,22.012,23.45470036084859
2022-02-13,26.36,21.312190185515643
2022-02-14,19.74,31.7251317505489
2022-02-15,18.396,35.75821168165234
2022-02-16,16.629,30.549491411919576
2022-02-17,40.101,23.04546175943417
2022-02-18,28.912,19.94505749163491
2022-02-20,52.645,32.36632576495316
2022-02-24,17.225,36.86964369536181
2022-02-25,21.781,33.27638958448828
2022-02-26,41.532,30.33994525574461
2022-02-27,33.943,25.44371930098482
2022-02-28,39.504,33.45078980602085
2022-03-01,26.166,38.615846903294184
2022-03-02,18.656,45.69913379534898
2022-03-03,29.949,44.32971258028976
2022-03-04,30.676,39.62163316812282
2022-03-05,72.459,39.359096497849976
2022-03-06,24.08,42.177124572425704
2022-03-07,21.13,51.54888491738282
2022-03-08,16.419,36.33758650594417
2022-03-09,15.13,29.15158141072967
2022-03-10,23.28,25.005723836048276
2022-03-11,104.398,24.455521046603423
2022-03-12,23.744,27.839055810309148
2022-03-13,85.759,38.97232178413591
2022-03-14,45.635,34.992821279057395
2022-03-15,57.959,41.30711467882974
2022-03-16,43.946,40.77032858891362
2022-03-17,28.799,53.63430245311173
2022-03-18,22.369,39.99672797196001
2022-03-19,60.513,42.45960429525604
2022-03-20,25.974,43.69541677381675
2022-03-21,40.849,43.56480138431158
2022-03-22,75.664,46.349102790393964
2022-03-23,44.537,40.91234141460447
2022-03-24,43.917,35.69887506715896
2022-03-25,42.56,41.25423259862101
2022-03-26,30.329,44.060654696510575
2022-03-27,36.306,44.420294864470634
2022-03-28,57.306,41.90596232400432
2022-03-29,75.216,44.53550773659432
2022-03-30,25.588,50.206289089818696
2022-03-31,47.059,65.69830279264764
2022-04-01,69.076,43.90800167358466
2022-04-02,30.307,43.39180406245858
2022-04-03,38.316,44.0500156677976
2022-04-04,22.088,45.29169113818165
2022-04-05,28.928,44.8465535720251
2022-04-06,84.523,41.350328094274694
2022-04-07,31.5,47.52507601359232
2022-04-08,35.563,45.85472663480609
2022-04-09,47.38,42.93446914957968
2022-04-10,63.51,45.941744634099926
2022-04-11,82.705,44.48167327527463
2022-04-12,58.139,45.51519445248602
2022-04-13,31.719,48.573850044817455
2022-04-14,51.969,40.79047594739972
2022-04-15,55.329,41.06248030209367
2022-04-16,31.81,42.94301828713007
2022-04-17,33.293,51.33861680459498
2022-04-18,35.741,51.46858467817159
2022-04-19,57.855,42.5022717216535
2022-04-20,97.351,40.135533892843746
2022-04-21,103.12,46.601351255605714
2022-04-22,72.499,59.856714006839674
2022-04-23,46.635,54.822772407089786
2022-04-24,45.8,48.419632388039645
2022-04-25,43.714,53.38519280279323
2022-04-26,41.201,48.39543268845072
2022-04-27,33.57,46.69231545491155
2022-04-28,30.691,46.82986237303126
2022-04-29,23.193,51.35377802807267
2022-04-30,27.497,42.174584421909145
2022-05-01,27.961,39.91174395049985
2022-05-02,20.15,34.03700880362378
2022-05-03,20.9,28.963911513652494
2022-05-04,38.429,30.515994110031084
2022-05-05,36.931,37.62062006026076
2022-05-06,36.914,44.016652450219716
2022-05-07,19.276,44.1382496383842
2022-05-08,22.004,45.005919611433406
2022-05-09,57.267,38.4349406661088
2022-05-10,54.45,38.12124428662177
2022-05-11,38.658,50.05402417351643
2022-05-12,24.481,52.52731225514694
2022-05-13,34.735,54.307299985065455
2022-05-14,38.646,45.890142959685726
2022-05-15,69.959,42.60558920000782
2022-05-16,25.617,47.920062823334035
2022-05-17,30.133,46.14677561452049
2022-05-18,27.22,45.41770273581012
2022-05-19,25.539,38.374772260848545
2022-05-20,27.36,41.41888358745711
2022-05-21,18.312,34.627729696239676
2022-05-22,37.602,30.64924587995233
2022-05-23,26.221,31.980058876157862
2022-05-24,29.749,35.86600475678784
2022-05-25,10.026,37.97183429020385
2022-05-26,19.421,41.68527144691764
2022-05-27,22.545,35.61685890323409
2022-05-28,25.499,33.79170606089926
2022-05-29,58.787,32.255508116535225
2022-05-30,28.561,36.002753166296415
2022-05-31,58.083,44.13181683641066
2022-06-01,103.652,37.245695695285235
2022-06-02,43.428,49.18701426335719
2022-06-03,39.737,50.57068038846941
2022-06-04,22.974,41.8835619322425
2022-06-05,68.069,41.444685258153406
2022-06-06,66.211,32.92330727207071
2022-06-07,31.585,44.33770306364373
2022-06-08,37.822,41.72017556134139
2022-06-09,34.739,45.463715669513256
2022-06-10,100.684,41.76191511832162
2022-06-11,35.362,45.36892174384113
2022-06-12,30.927,44.5383604179823
2022-06-13,43.161,40.99619105972694
2022-06-14,68.879,42.94918013044788
2022-06-15,47.408,39.588232932900034
2022-06-16,70.606,40.39131383483302
2022-06-17,83.729,41.524598545162576
2022-06-18,62.663,43.52051662422209
2022-06-19,45.432,43.09632303823639
2022-06-20,28.498,49.488394835695196
2022-06-21,67.102,52.86905896197621
2022-06-22,41.839,42.11433515606189
2022-06-23,26.587,42.96677822651448
2022-06-24,32.408,38.97886778027786
2022-06-25,38.064,37.43322682336894
2022-06-26,41.281,45.08238781020603
2022-06-27,81.348,38.151901393639
2022-06-28,73.576,48.423585094260275
2022-06-29,57.355,55.61410548687952
2022-06-30,42.85,47.59268236986259
2022-07-01,49.501,52.484799322768794
2022-07-02,24.221,46.07668928341811
2022-07-03,33.658,47.13366461240102
2022-07-04,30.423,40.10421088150925
2022-07-05,46.464,40.36452017498725
2022-07-06,35.385,40.84140572701887
2022-07-07,22.294,38.89739353246935
2022-07-08,29.617,38.463439585036085
2022-07-09,34.943,30.678915713772454
2022-07-10,31.077,35.76657377983445
2022-07-11,22.806,43.080834343921225
2022-07-12,98.869,38.69324306281273
2022-07-13,41.832,38.09409189736868
2022-07-14,30.223,41.538566840282456
2022-07-15,63.855,37.502937190141445
2022-07-16,29.012,40.316964607066225
2022-07-17,22.944,38.3669842792463
2022-07-18,16.575,36.26874566087107
2022-07-19,21.956,31.555614086011804
2022-07-20,38.059,27.061502358581485
2022-07-21,18.965,32.989009144598306
2022-07-22,40.375,34.25546271086958
2022-07-23,18.203,37.931985529802006
2022-07-24,23.438,41.35662814354497
2022-07-25,14.202,39.82572531501715
2022-07-26,22.228,36.11519463419208
2022-07-27,68.807,30.179805847437034
2022-07-28,43.663,38.86837533151291
2022-07-29,23.353,48.78727503413936
2022-07-30,47.717,46.40103080922515
2022-07-31,125.947,46.89438025729722
2022-08-01,108.485,50.5258742302477
2022-08-02,25.886,55.07157205161251
2022-08-03,52.485,57.39112140402043
2022-08-04,179.883,48.92154993314085
2022-08-05,133.011,45.47512454005976
2022-08-06,34.995,51.522524505184734
2022-08-07,28.286,48.921856903394485
2022-08-08,43.971,45.01594648187684
2022-08-09,27.974,41.67058714175928
2022-08-10,18.465,42.48112153035806
2022-08-11,25.874,42.187128150159374
2022-08-12,36.686,41.79534831733967
2022-08-13,26.088,38.168387308858875
2022-08-14,43.063,40.80089180786009
2022-08-15,31.729,42.309386129188006
2022-08-16,17.129,49.36646305132683
2022-08-17,21.346,41.47199368215044
2022-08-18,30.327,36.912146898321154
2022-08-19,53.67,30.987065106187316
2022-08-20,18.116,38.59299891096036
2022-08-21,30.569,45.00335399890512
2022-08-22,22.027,43.954019804392715
2022-08-23,20.514,41.81247477148146
2022-08-24,23.058,31.377097810432613
2022-08-25,24.042,31.12615354073686
2022-08-26,54.308,33.147065872228154
2022-08-27,49.661,32.80305059513952
2022-08-28,124.974,44.4935657781894
2022-08-29,22.335,50.69078415184496
2022-08-30,74.749,48.42141691533969
2022-08-31,32.175,45.812526021516256
2022-09-01,31.203,46.72283011286853
2022-09-02,31.886,49.68033340657905
2022-09-03,21.619,43.36995724949063
2022-09-04,21.169,52.43098114677922
2022-09-05,27.302,40.8029286550451
2022-09-06,30.626,38.59062648203533
2022-09-07,63.184,37.84567890541691
2022-09-08,48.265,47.86550189446462
2022-09-09,22.076,55.25399990143299
2022-09-10,19.581,54.749554491867436
2022-09-11,81.398,51.154699860166005
2022-09-12,78.639,45.84311955727989
2022-09-13,51.749,43.349716766566715
2022-09-14,26.319,56.49481038234366
2022-09-15,131.499,58.209823838114055
2022-09-16,25.958,55.39476838809072
2022-09-17,94.984,57.05797729602771
2022-09-18,76.749,45.49205681474286
2022-09-19,73.386,55.96712631462914
2022-09-20,56.46,56.016447249173424
2022-09-21,56.588,57.77497731285036
2022-09-22,51.816,54.126517421228385
2022-09-23,65.113,52.36103702466031
2022-09-24,51.802,56.34602060479864
2022-09-25,34.971,53.81994483886757
2022-09-26,48.18,53.20786530357795
2022-09-27,125.369,54.771384308621485
2022-09-28,73.38,49.96478090858324
2022-09-29,64.029,47.60542180309905
2022-09-30,36.854,69.60373164866529
2022-10-01,28.681,77.12850587522023
2022-10-02,27.923,74.32894859548114
2022-10-03,34.44,53.33632151999273
2022-10-04,69.884,49.852733282195786
2022-10-05,43.565,63.55395750557306
2022-10-06,37.095,67.50075201219553
2022-10-07,48.451,56.69333012903435
2022-10-08,38.179,57.32641887299759
2022-10-09,24.971,57.758868080716994
2022-10-10,36.619,54.31114620911097
2022-10-11,35.334,45.88547199889343
2022-10-12,59.479,41.536239051065714
2022-10-13,26.094,55.92819742101965
2022-10-14,45.805,56.204534898390875
2022-10-15,35.305,44.6740886225904
2022-10-16,72.518,46.221595318976085
2022-10-17,53.66,48.049437789846216
2022-10-18,44.576,60.15476704781981
2022-10-19,37.856,57.75619139521257
2022-10-20,72.198,58.13395310063778
2022-10-21,76.024,52.8344862535248
2022-10-22,40.807,50.772290908916574
2022-10-23,41.103,56.14800923788057
2022-10-24,47.204,55.57235450284374
2022-10-25,83.784,58.04739816368553
2022-10-26,64.516,57.27218989213355
2022-10-27,73.152,59.8517826203216
2022-10-28,48.119,59.88115415203211
2022-10-29,28.526,64.28999828857788
2022-10-30,29.602,55.046375233113935
2022-10-31,27.625,47.22040311899097
2022-11-01,23.608,41.776694744704294
2022-11-02,25.375,39.537775834685185
2022-11-03,30.124,42.63476250058381
2022-11-04,59.14,44.0039085187566
2022-11-05,74.531,44.87407262377442
2022-11-06,54.332,47.78758161886332
2022-11-07,58.13,55.63331834996612
2022-11-08,85.403,57.3063589868694
2022-11-09,78.9,55.44947633828661
2022-11-10,50.735,66.13121922938842
2022-11-11,50.022,62.904029222182785
2022-11-12,58.137,56.07913708808166
2022-11-13,35.161,57.93636854777803
2022-11-14,38.208,57.192706474572084
2022-11-15,39.097,54.08130060477044
2022-11-16,32.593,53.45644013507334
2022-11-17,33.814,47.03193937961766
2022-11-18,22.97,43.97659358992271
2022-11-19,50.579,44.667004015209024
2022-11-20,41.118,42.9508752128668
2022-11-21,41.093,43.63030767891985
2022-11-22,44.267,43.84552164297788
2022-11-23,57.828,52.863593473376326
2022-11-24,41.987,49.44803064723877
2022-11-25,62.923,46.45634853306408
2022-11-26,33.286,52.281754220388244
2022-11-27,34.184,46.62898903230493
2022-11-28,54.925,50.08128299764491
2022-11-29,40.956,45.83097640517923
2022-11-30,24.253,48.11792797215354
2022-12-01,23.836,46.3919959174791
2022-12-02,30.744,33.07082408788869
2022-12-03,34.326,29.74668244055996
2022-12-04,25.3,38.82837944408325
2022-12-05,25.677,41.114882689291946
2022-12-06,29.664,34.15711255163712
2022-12-07,35.33,31.315243937708953
2022-12-08,27.269,37.500122275428744
2022-12-09,17.208,38.45117822457246
2022-12-10,28.66,36.734958974757234
2022-12-11,78.024,34.442804300678105
2022-12-12,43.296,39.7648225410337
2022-12-13,22.537,39.57060867499856
2022-12-14,21.492,41.64105377916761
2022-12-15,24.543,36.16392426901845
2022-12-16,23.385,28.674204691031708
2022-12-17,19.333,26.20596345177431
2022-12-18,28.356,28.22312221674907
2022-12-19,21.044,26.180869391611928
2022-12-20,13.691,27.875752116684335
2022-12-21,21.432,27.50625284840659
2022-12-22,25.469,25.291916251534595
2022-12-23,25.633,25.386080374664314
2022-12-24,13.098,26.423855260060574
2022-12-25,20.971,27.95379148481627
2022-12-26,39.933,24.734622447899408
2022-12-27,23.052,27.255616446798022
2022-12-28,12.483,30.08601387914545
2022-12-29,18.347,28.884350938552192
2022-12-30,20.201,27.539458558369628
2022-12-31,21.097,25.817779307892646
2023-01-01,34.091,25.543090779618957
2023-01-02,14.513,24.09606572631741
2023-01-03,13.69,32.10759238192201
2023-01-04,29.533,30.791028305026405
2023-01-05,20.051,25.101362798206132
2023-01-06,49.479,33.84725956951207
2023-01-07,20.153,32.43524807431586
2023-01-08,46.473,40.440258946962516
2023-01-09,60.189,35.88445069408458
2023-01-10,39.987,46.40121774641752
2023-01-11,38.699,41.73930779432903
2023-01-12,37.166,44.23926111858148
2023-01-13,26.229,40.34290895845193
2023-01-14,19.682,42.44660666523582
2023-01-15,18.068,40.08671777198346
2023-01-16,27.136,33.65803668622014
2023-01-17,51.728,26.159175558469677
2023-01-18,25.657,30.258401950426503
2023-01-19,23.129,37.04532261984923
2023-01-20,21.224,34.78790940788737
2023-01-21,34.283,29.45593429713774
2023-01-22,21.763,28.374802999864382
2023-01-23,16.727,29.69689477967231
2023-01-24,12.593,28.720283461416354
2023-01-25,14.033,26.332037109478385
2023-01-26,17.114,22.819290930052645
2023-01-27,17.884,19.555868169791395
2023-01-28,9.767,20.329089042469594
2023-01-29,12.531,20.728930782744737
2023-01-30,8.913,19.815652874053015
2023-01-31,13.641,18.85116525748471
2023-02-01,7.37,19.314907470032303
2023-02-02,9.488,18.85116525748471
2023-02-03,18.93,19.314907470032303
2023-02-04,10.923,18.71110822147119
2023-02-05,10.091,21.09425808093111
2023-02-06,23.63,19.815652874053015
2023-02-07,9.787,19.843328538906448
2023-02-08,31.328,22.09452422335217
2023-02-09,18.114,22.18078232084208
2023-02-10,26.348,30.193160607213027
2023-02-11,21.443,32.229116742641736
2023-02-12,45.23,33.20774864596836
2023-02-13,21.936,31.913180768009468
2023-02-14,110.58,30.517655338819385
2023-02-15,31.587,28.3385945173114
2023-02-16,21.251,38.033279334760685
2023-02-17,21.078,35.60706806774312
2023-02-18,23.685,35.051096050041544
2023-02-19,33.546,28.74267286524247
2023-02-20,24.174,27.7692951192884
2023-02-21,27.05,35.03803842998789
2023-02-22,26.64,31.411996022693273
2023-02-23,7.956,31.40860901329319
2023-02-24,5.068,28.770276465691545
2023-02-25,15.43,23.183195315563182
2023-02-26,17.152,19.61691601851338
2023-02-27,55.701,18.565831855980395
2023-02-28,24.205,22.289905599958278
2023-03-01,15.302,34.89795783517879
2023-03-02,8.883,36.338902673295735
2023-03-03,67.297,37.382841863112816
2023-03-04,30.182,32.29371198433394
2023-03-05,78.744,37.82590244465848
2023-03-06,25.584,40.85359953671847
2023-03-07,39.144,51.63435172652248
2023-03-08,28.114,44.16063192752151
2023-03-09,17.285,43.11793970315013
2023-03-10,53.743,32.95953835137738
2023-03-11,52.372,31.544448901572686
2023-03-12,70.026,39.95297090217656
2023-03-13,41.447,44.4110310163865
2023-03-14,28.457,55.9539209363741
2023-03-15,28.05,56.60649555319196
2023-03-16,33.813,43.93074174712891
2023-03-17,24.216,38.31790631610177
2023-03-18,15.839,40.816659099478514
2023-03-19,13.497,35.10037184683364
2023-03-20,12.744,32.1342692374901
2023-03-21,24.292,25.629536792055013
2023-03-22,42.358,22.31498173216273
2023-03-23,26.413,27.80505710840113
2023-03-24,61.415,36.366263129908404
2023-03-25,32.284,39.945774310175366
2023-03-26,42.066,41.5280520083419
2023-03-27,86.446,41.94522378663823
2023-03-28,30.89,45.99643800532885
2023-03-29,21.223,50.15908295515712
2023-03-30,62.586,40.54622045930928
2023-03-31,52.403,39.948453106761505
2023-04-01,101.402,37.3665542781465
2023-04-02,48.865,36.466200913991536
2023-04-03,31.065,38.61193256927879
2023-04-04,31.933,39.945927176099644
2023-04-05,32.383,36.68665816279712
2023-04-06,33.78,43.36644354019966
2023-04-07,32.402,40.622439097542404
2023-04-08,21.835,40.02393356000791
2023-04-09,20.944,35.043409520109776
2023-04-10,37.28,32.305925337802016
2023-04-11,39.347,30.99788677782055
2023-04-12,17.268,36.07417411305446
2023-04-13,22.456,36.90805802052278
2023-04-14,25.892,31.14025867845142
2023-04-15,24.75,31.43549977082238
2023-04-16,15.388,34.797499889377754
2023-04-17,29.764,39.18804775891896
2023-04-18,13.985,38.62383633105552
2023-04-19,31.405,36.26423907761668
2023-04-20,17.94,37.8718364138885
2023-04-21,18.185,42.90113926275386
2023-04-22,47.568,38.51746487175164
2023-04-23,60.575,34.159955341883304
2023-04-24,33.047,37.02534319497139
2023-04-25,47.695,41.46297861429596
2023-04-26,33.767,39.97715873564795
2023-04-27,118.723,38.69080195919787
2023-04-28,36.053,46.74269289984344
2023-04-29,41.094,45.079098576744244
2023-04-30,29.29,48.608635693476884
2023-05-01,26.871,40.960577706055936
2023-05-02,22.808,36.539067156176756
2023-05-03,21.039,30.537175219403306
2023-05-04,15.879,29.04703026669551
2023-05-05,19.343,27.990288986336395
2023-05-06,27.871,24.281330813471616
2023-05-07,22.848,25.68077060462151
2023-05-08,18.077,26.618404520947156
2023-05-09,15.191,27.871284507045065
2023-05-10,12.8,29.961446488909097
2023-05-11,33.707,27.547999677586173
2023-05-12,19.639,23.70953799252458
2023-05-13,17.355,33.028384234920395
2023-05-14,14.814,30.270103974576536
2023-05-15,34.161,32.81934979073102
2023-05-16,35.548,24.568444281177573
2023-05-17,17.229,43.58977433061392
2023-05-18,51.828,39.330501076951826
2023-05-19,50.141,36.640418606302426
2023-05-20,30.673,46.16595862695422
2023-05-21,33.62,49.849404991372424
2023-05-22,89.991,47.006060246768136
2023-05-23,29.006,69.21510565398479
2023-05-24,28.881,61.37543667930245
2023-05-25,30.13,48.79029421198885
2023-05-26,20.102,46.554220902951194
2023-05-27,26.647,42.63455203443013
2023-05-28,34.73,45.06992012944268
2023-05-29,65.757,44.05200729739725
2023-05-30,38.325,46.120592918488356
2023-05-31,107.508,50.96577887996873
2023-06-01,27.26,54.05420742219515
2023-06-02,25.3,45.28259266987461
2023-06-03,25.523,37.10210379891915
2023-06-04,20.392,37.37270097223925
2023-06-05,24.816,30.977644260071457
2023-06-06,17.192,29.869731703319836
2023-06-07,47.026,32.079293887552886
2023-06-08,25.557,34.89530076302522
2023-06-09,29.271,37.779889053918666
2023-06-10,103.312,34.81023055669325
2023-06-11,27.913,37.37960921014057
2023-06-12,25.082,33.322315893834045
2023-06-13,24.392,30.95109551942414
2023-06-14,10.103,33.020162541510594
2023-06-15,34.84,34.21372164929251
2023-06-16,18.461,26.117010818545793
2023-06-17,15.046,29.75883857848781
2023-06-18,15.209,25.17332083938349
2023-06-19,5.252,22.715988787167014
2023-06-20,15.817,19.468901789587104
2023-06-21,26.491,18.631180411760234
2023-06-22,32.556,21.187561722169026
2023-06-23,53.206,33.61515459892136
2023-06-24,73.202,36.809279060028416
2023-06-25,74.622,49.69867604554387
2023-06-26,20.805,51.023623873211676
2023-06-27,26.155,40.688097953005006
2023-06-28,13.575,35.810458896719545
2023-06-29,18.826,25.844413033440368
2023-06-30,16.025,26.66396876691293
2023-07-01,17.156,22.43852373322879
2023-07-02,23.127,29.010554485347306
2023-07-03,38.15,22.782140279516636
2023-07-04,15.293,32.12827886831257
2023-07-05,42.837,35.637064100952436
2023-07-06,55.244,33.65536345389107
2023-07-07,31.467,42.26984955106645
2023-07-08,24.92,48.127277605296946
2023-07-09,23.683,40.922247135685396
2023-07-10,22.34,36.30340712074537
2023-07-11,10.875,26.898868656566965
2023-07-12,11.191,31.140356654344085
2023-07-13,29.536,20.418624822093054
2023-07-14,18.289,23.393279994209852
2023-07-15,19.69,26.653457146406613
2023-07-16,79.057,32.184631451277106
2023-07-17,22.64,34.25674208688249
2023-07-18,23.517,33.6430318253003
2023-07-19,22.537,24.315086438925768
2023-07-20,22.192,24.351416696283298
2023-07-21,21.891,23.747078359287528
2023-07-22,15.676,23.312439862848247
2023-07-23,17.851,22.899040533051764
2023-07-24,10.524,20.6641198496663
2023-07-25,30.224,20.326543632802437
2023-07-26,13.404,22.85819973469067
2023-07-27,42.992,30.830174338371364
2023-07-28,16.882,32.34906529035879
2023-07-29,16.842,33.960167139046966
2023-07-30,10.239,26.116994072345555
2023-07-31,11.835,26.55355597734491
2023-08-01,11.533,19.514407573057472
2023-08-02,14.455,19.617244589695474
2023-08-03,14.825,17.969517598579788
2023-08-04,9.905,17.774110696964854
2023-08-05,23.896,18.189794661260944
2023-08-06,2.039,19.266228664957143
2023-08-07,10.154,23.498716211792992
2023-08-08,12.367,19.953700409148865
2023-08-09,14.915,20.06529092469974
2023-08-10,10.662,19.84695398606426
2023-08-11,19.018,29.481897105175925
2023-08-12,44.347,27.160862676689348
2023-08-13,11.252,30.260468041529307
2023-08-14,27.103,29.801765303037442
2023-08-15,24.061,32.540323750758155
2023-08-16,20.006,33.62814052798458
2023-08-17,36.608,30.81958228957377
2023-08-18,11.285,36.525830178961776
2023-08-19,57.547,35.71942565673097
2023-08-20,88.292,35.47677591630789
2023-08-21,44.761,41.54811137712908
2023-08-22,32.593,48.973592708342146
2023-08-23,26.915,49.27919329990373
2023-08-24,19.926,42.50211597311434
2023-08-25,41.398,39.776268893878004
2023-08-26,17.647,28.927735216225653
2023-08-27,13.517,35.11206825667614
2023-08-28,25.387,27.932304233366622
2023-08-29,14.488,31.796686409416072
2023-08-30,16.751,24.66612536170862
2023-08-31,16.357,21.918755071969738
2023-09-01,21.059,20.869458489915655
2023-09-02,17.563,23.548644207792673
2023-09-03,22.024,23.99106959330306
2023-09-04,25.036,31.601769906704156
2023-09-05,20.125,25.56281773918834
2023-09-06,15.587,23.661078717414757
2023-09-07,4.62,26.03516579207706
2023-09-08,12.83,21.516699840348558
2023-09-09,10.698,19.777121466261175
2023-09-10,41.489,30.1973568928993
2023-09-11,94.574,31.21188770271864
2023-09-12,55.94,33.72199574404282
2023-09-13,57.412,41.97437679395655
2023-09-14,24.898,45.65915711212279
2023-09-15,23.057,41.49162136302336
2023-09-16,30.414,33.67744537532432
2023-09-17,21.298,36.327591265236606
2023-09-18,11.559,31.03962878977074
2023-09-19,8.258,30.37474331775984
2023-09-20,12.81,22.356472646838746
2023-09-21,16.294,18.793843300396166
2023-09-22,18.241,16.91674813528071
2023-09-23,15.062,21.719824782516927
2023-09-24,25.207,26.897413206496946
2023-09-25,35.018,23.63945542490463
2023-09-26,21.486,30.491495170861594
2023-09-27,18.495,32.9832415021904
2023-09-28,16.592,26.990243246094852
2023-09-29,21.19,23.837441316538076
2023-09-30,49.294,22.09274544930963
2023-10-01,42.203,32.919813794098
2023-10-02,44.16,37.16385749667952
2023-10-03,37.805,41.42256700090005
2023-10-04,37.204,48.63343311869572
2023-10-05,40.034,41.77417226558027
2023-10-06,77.115,42.21081994458244
2023-10-07,65.053,41.00287935969507
2023-10-08,26.169,50.31669028620976
2023-10-09,37.409,41.50719999515433
2023-10-10,23.899,46.616738438380295
2023-10-11,38.393,42.341244904219714
2023-10-12,49.558,31.939399199040658
2023-10-13,34.977,37.63840471883997
2023-10-14,18.827,39.83107018666512
2023-10-15,22.127,37.66456183089889
2023-10-16,23.215,34.5811778833647
2023-10-17,23.034,25.992035620563446
2023-10-18,23.182,24.34068404188838
2023-10-19,27.67,25.487172322529208
2023-10-20,22.124,28.67511483031742
2023-10-21,17.006,28.26004128849715
2023-10-22,24.932,27.959725544637895
2023-10-23,52.048,25.900859256776446
2023-10-24,28.546,34.05548258479058
2023-10-25,71.536,37.00431533074985
2023-10-26,24.707,44.35280390112394
2023-10-27,21.701,46.51696127358059
2023-10-28,25.073,37.032436538612025
2023-10-29,46.75,43.58140031733378
2023-10-30,45.53,41.5349012234936
2023-10-31,66.21,46.02010626351482
2023-11-01,68.885,54.85621395596886
2023-11-02,43.741,62.55928146980239
2023-11-03,92.76,57.366187392813316
2023-11-04,38.259,57.834974483011685
2023-11-05,31.89,45.7056935112342
2023-11-06,25.087,52.11221328961466
2023-11-07,25.953,42.018508727378766
2023-11-08,21.741,34.78788058073919
2023-11-09,32.833,31.40917723762847
2023-11-10,30.289,34.17796586843146
2023-11-11,48.263,37.563849789949884
2023-11-12,27.367,34.337560400813295
2023-11-13,35.301,35.821797875924226
2023-11-14,55.484,36.6654328091819
2023-11-15,20.451,43.17566905267983
2023-11-16,95.293,41.44493115570869
2023-11-17,56.763,36.0121181556076
2023-11-18,28.031,52.228315998719566
2023-11-19,27.147,47.694405792722534
2023-11-20,24.342,44.6635404971479
2023-11-21,28.6,30.478391939719412
2023-11-22,23.767,28.44335450619836
2023-11-23,41.326,28.476468101063972
2023-11-24,29.759,27.405744438207066
2023-11-25,21.274,37.251538553153416
2023-11-26,18.612,31.759209853529605
2023-11-27,25.213,31.20405843047026
2023-11-28,13.145,25.06729782744227
2023-11-29,19.788,27.795277275970104
2023-11-30,13.283,22.337102578995975
2023-12-01,13.953,22.056366989109655
2023-12-02,15.638,20.97486632846351
2023-12-03,17.897,19.465022899969004
2023-12-04,16.365,19.604184656161657
2023-12-05,12.816,19.719196227585993
2023-12-06,26.057,22.628803457209774
2023-12-07,27.844,21.656050658128454
2023-12-08,14.505,29.32027037360073
2023-12-09,16.063,24.35736449132737
2023-12-10,17.769,24.949856290683787
2023-12-11,49.523,22.20871545345358
2023-12-12,13.88,22.590668771381587
2023-12-13,20.637,28.46552916110302
2023-12-14,24.683,30.81801966419317
2023-12-15,22.779,31.404522509303195
2023-12-16,18.481,31.467555749179756
2023-12-17,10.971,33.445513207831986
2023-12-18,19.349,26.871485064746615
2023-12-19,19.577,23.240799991178836
2023-12-20,20.179,19.54860907341931
2023-12-21,25.133,23.232216066838145
2023-12-22,29.061,21.047214234750204
2023-12-23,21.731,23.39692217030833
2023-12-24,18.113,27.86091734617436
2023-12-25,20.86,25.27627898418509
2023-12-26,16.517,30.050596753317382
2023-12-27,31.037,27.661710035392215
2023-12-28,17.633,26.94781392376014
2023-12-29,21.072,33.147578245181165
2023-12-30,16.831,27.104139179139224
2023-12-31,15.702,26.984903909813237
2024-01-01,15.488,21.404108275334323
2024-01-02,17.913,19.96128898311866
2024-01-03,22.184,18.655887344268784
2024-01-04,16.99,19.080105759590275
2024-01-05,13.017,20.446424463029427
2024-01-06,11.43,21.123405565864825
2024-01-07,19.772,19.923812101139692
2024-01-08,9.872,19.55862120555319
2024-01-09,16.351,19.337521054248636
2024-01-10,18.902,18.26116962893345
2024-01-11,15.403,18.298000298407366
2024-01-12,15.015,19.483436222909656
2024-01-13,20.743,19.98582188019051
2024-01-14,13.053,18.176325018283332
2024-01-15,13.674,20.247564846513473
2024-01-16,7.554,18.26116962893345
2024-01-17,9.417,19.84406620273438
2024-01-18,13.571,19.55862120555319
2024-01-19,13.305,17.226698504591045
2024-01-20,13.857,17.21865827043282
2024-01-21,9.202,17.752279803348944
2024-01-22,12.762,18.597182210144815
2024-01-23,6.313,16.972416815103898
2024-01-24,7.791,16.829144789225122
2024-01-25,12.872,16.972416815103898
2024-01-26,9.796,16.829144789225122
2024-01-27,7.901,17.514576051141493
2024-01-28,7.472,18.001477942380873
2024-01-29,8.814,16.829144789225122
2024-01-30,13.163,18.23776082196475
2024-01-31,30.823,17.514576051141493
2024-02-01,11.313,16.829144789225122
2024-02-02,47.22,29.24734823041178
2024-02-03,17.495,35.77010452763507
2024-02-04,29.494,36.0772094517508
2024-02-05,9.754,32.643151097342525
2024-02-06,13.428,31.25804662717041
2024-02-07,14.426,21.590549379531193
2024-02-08,11.103,21.740182978038384
2024-02-09,9.778,17.253989414535415
2024-02-10,8.029,17.082810509973477
2024-02-11,9.257,17.80143241098013
2024-02-12,6.187,16.829144789225122
2024-02-13,7.804,17.29066241560389
2024-02-14,7.579,19.733148608141324
2024-02-15,12.069,17.83517993320208
2024-02-16,11.817,17.83517993320208
2024-02-17,7.029,16.829144789225122
2024-02-18,15.008,16.972416815103898
2024-02-19,6.235,16.829144789225122
2024-02-20,15.328,17.477611968251473
2024-02-21,9.935,17.549926776209357
2024-02-22,11.609,18.56229106996337
2024-02-23,12.55,17.68674882294346
2024-02-24,13.032,16.960902859450435
2024-02-25,12.341,17.209716016515376
2024-02-26,5.337,17.798739933274298
2024-02-27,5.577,17.97783600762733
2024-02-28,13.251,17.97783600762733
2024-02-29,11.899,17.38881209086841
2024-03-01,11.688,17.962648598651178
2024-03-02,11.659,17.97783600762733
2024-03-03,11.802,17.38881209086841
2024-03-04,10.68,17.962648598651178
2024-03-05,6.941,17.38881209086841
2024-03-06,11.841,17.38881209086841
2024-03-07,12.58,17.38881209086841
2024-03-08,17.033,17.962648598651178
2024-03-09,12.105,24.083738682394188
2024-03-10,61.483,27.35404252682345
2024-03-11,15.57,26.4023827326869
2024-03-12,13.044,27.377733892077888
2024-03-13,13.945,22.750169439553563
2024-03-14,8.849,22.761849661397683
2024-03-15,13.031,21.377727936333113
2024-03-16,34.832,19.573850357775406
2024-03-17,14.509,18.538949019309456
2024-03-18,33.441,27.270348756231286
2024-03-19,15.886,27.1918333260327
2024-03-20,13.616,29.45589395071332
2024-03-21,12.682,26.68031594476467
2024-03-22,12.323,20.118743724776838
2024-03-23,5.487,17.890175394637364
2024-03-24,11.964,17.07391598691454
2024-03-25,12.365,16.64676732756108
2024-03-26,6.849,16.54540307888223
2024-03-27,11.69,17.72620105555636
2024-03-28,10.87,16.64676732756108
2024-03-29,6.053,16.54540307888223
2024-03-30,27.344,16.54540307888223
2024-03-31,23.74,18.153899815517
2024-04-01,40.576,28.30718727468214
2024-04-02,40.828,28.406920245975222
2024-04-03,67.647,31.67705493761736
2024-04-04,28.492,34.34184405512885
2024-04-05,22.09,45.551538155396464
2024-04-06,17.353,36.55119783995459
2024-04-07,13.56,25.707473857911825
2024-04-08,12.629,22.20439803137052
2024-04-09,6.201,20.336102469896073
2024-04-10,14.35,16.811368250170762
2024-04-11,12.746,16.811368250170762
2024-04-12,24.234,16.97255173823569
2024-04-13,17.008,16.64676732756108
2024-04-14,6.4,21.40204440309038
2024-04-15,11.222,21.682600566518218
2024-04-16,7.815,20.17081631268818
2024-04-17,14.107,24.434401472010816
2024-04-18,22.302,23.891246547350768
2024-04-19,15.91,24.61527494099026
2024-04-20,33.108,24.19419395482785
2024-04-21,27.739,30.8320761379179
2024-04-22,18.888,34.39963009736585
2024-04-23,24.65,31.052447921437054
2024-04-24,27.595,31.687002264820794
2024-04-25,50.83,33.487937533110816
2024-04-26,28.125,36.218264102822054
2024-04-27,57.982,40.09799035811322
2024-04-28,33.621,40.335949463094956
2024-04-29,38.918,42.465874003165005
2024-04-30,85.131,33.17693670752104
2024-05-01,43.925,39.15627165776322
2024-05-02,70.416,44.874183293723846
2024-05-03,140.649,45.70528706185638
2024-05-04,29.189,59.02619687793696
2024-05-05,25.071,55.87041483846363
2024-05-06,51.93,44.02058807450804
2024-05-07,68.077,33.60491041951374
2024-05-08,86.49,49.169983075182344
2024-05-09,29.717,60.979442916057764
2024-05-10,22.846,53.27056040917206
2024-05-11,54.491,50.522013516477145
2024-05-12,25.062,41.241958908963035
2024-05-13,26.354,39.7102173831376
2024-05-14,27.35,32.54506332010177
2024-05-15,45.316,41.93411965065289
2024-05-16,26.361,41.797047345407435
2024-05-17,23.719,45.87512760928546
2024-05-18,22.294,36.49984020490932
2024-05-19,15.258,28.629103375667697
2024-05-20,13.194,24.76552112155242
2024-05-21,15.921,23.81264533674495
2024-05-22,27.018,23.257253621585544
2024-05-23,22.615,26.310236679856924
2024-05-24,9.086,35.93334502307985
2024-05-25,12.524,32.75346128501009
2024-05-26,20.297,28.711249311010313
2024-05-27,85.069,22.645545018774758
2024-05-28,102.401,31.417274162328162
2024-05-29,23.439,42.607476970568506
2024-05-30,68.051,44.481742696346096
2024-05-31,20.7,44.95181374987474
2024-06-01,20.308,37.76735985305296
2024-06-02,25.075,28.607943195197766
2024-06-03,23.857,29.46505402975433
2024-06-04,20.554,32.49701511644762
2024-06-05,11.418,31.685674008843144
2024-06-06,12.071,35.7830013673201
2024-06-07,17.124,23.66348184849962
2024-06-08,24.233,28.039144303553186
2024-06-09,37.269,29.83576260758647
2024-06-10,40.15,31.090139177400218
2024-06-11,19.58,33.07688174410189
2024-06-12,36.72,34.29673805729386
2024-06-13,81.294,29.18012028372708
2024-06-14,66.696,39.02669331552945
2024-06-15,49.786,54.39642893403643
2024-06-16,23.292,62.03590385386705
2024-06-17,37.006,53.009459779314426
2024-06-18,26.74,37.45896332943914
2024-06-19,39.988,40.52956217007349
2024-06-20,29.34,38.679379254285806
2024-06-21,24.506,40.038222216934265
2024-06-22,47.934,40.54346043990461
2024-06-23,21.588,44.08119366830411
2024-06-24,31.976,39.227381735803604
2024-06-25,51.941,39.95668776181068
2024-06-26,45.993,37.282186421261976
2024-06-27,42.557,47.29328454826424
2024-06-28,26.745,52.414934376264455
2024-06-29,23.807,52.10534857509115
2024-06-30,26.439,40.28342590421515
2024-07-01,38.551,39.70562122857171
2024-07-02,73.82,41.02984124255709
2024-07-03,70.996,44.86703207287869
2024-07-04,49.034,47.837116135463724
2024-07-05,25.685,52.64324747116066
2024-07-06,23.535,49.77632114738327
2024-07-07,20.69,35.449994338034585
2024-07-08,24.788,29.956327865686422
2024-07-09,15.347,28.3929051379801
2024-07-10,21.296,26.15587848089671
2024-07-11,29.545,27.134355515431615
2024-07-12,23.188,31.837700841739597
2024-07-13,21.007,30.33356362319448
2024-07-14,19.923,26.05789649255896
2024-07-15,20.011,24.56010989518798
2024-07-16,19.779,22.833593964292227
2024-07-17,21.579,24.06231873080651
2024-07-18,12.063,24.02429141460276
2024-07-19,11.972,23.39947943702774
2024-07-20,11.431,18.8589962312886
2024-07-21,10.605,21.087357804119176
2024-07-22,17.023,16.966907502731356
2024-07-23,11.015,16.777482924578106
2024-07-24,17.981,17.89058700490708
2024-07-25,13.599,17.358644177131133
2024-07-26,16.515,21.248619576531073
2024-07-27,12.746,24.961976019693797
2024-07-28,9.906,28.43161908572062
2024-07-29,8.383,23.658975904052397
2024-07-30,8.672,16.97595242485992
2024-07-31,11.882,17.045287450072195
2024-08-01,7.979,17.033170184653294
2024-08-02,21.243,25.091929974013265
2024-08-03,11.445,25.517252185081563
2024-08-04,20.314,28.661815993697058
2024-08-05,27.825,33.1966840663175
2024-08-06,26.982,36.03317913090949
2024-08-07,16.346,34.257369763519975
2024-08-08,17.648,27.498867299563862
2024-08-09,19.308,26.447271795018512
2024-08-10,18.518,23.613438260711515
2024-08-11,10.772,25.55493353123009
2024-08-12,15.701,22.0278314752516
2024-08-13,12.505,25.465737106558837
2024-08-14,10.213,21.828898986033085
2024-08-15,19.61,21.128922166320233
2024-08-16,17.539,20.907408090287152
2024-08-17,15.011,23.726678855409983
2024-08-18,17.807,20.962575896303154
2024-08-19,9.126,20.725487948966478
2024-08-20,13.007,22.432448945877262
2024-08-21,13.866,22.414992535376626
2024-08-22,62.68,21.756443351841035
2024-08-23,23.824,22.75788415775868
2024-08-24,36.59,37.81425467197262
2024-08-25,18.012,29.51683998682309
2024-08-26,19.287,37.92261225501611
2024-08-27,14.731,27.223138566852764
2024-08-28,18.208,26.205405927947165
2024-08-29,13.382,22.797739347767546
2024-08-30,9.762,21.022681289221723
2024-08-31,37.62,18.89462117219771
2024-09-01,22.167,27.906666631857195
2024-09-02,36.131,36.31443287650266
2024-09-03,18.203,30.277969939219318
2024-09-04,109.5,42.44694595811373
2024-09-05,17.435,39.45506105535253
2024-09-06,53.878,39.51824795709299
2024-09-07,25.901,34.25852755833222
2024-09-08,15.034,36.774156268834055
2024-09-09,14.947,27.89228814674967
2024-09-10,10.078,26.625379444557794
2024-09-11,20.588,24.223209549275957
2024-09-12,35.59,22.96716429835811
2024-09-13,21.515,22.827357896602
2024-09-14,29.563,35.14336697854026
2024-09-15,26.75,28.3323880849815
2024-09-16,65.313,30.12707087442294
2024-09-17,20.288,28.585132183716823
2024-09-18,18.763,33.45943374071196
2024-09-19,17.824,25.285562636726823
2024-09-20,32.832,27.934001995752773
2024-09-21,91.52,25.23466819087953
2024-09-22,95.206,33.684701611144156
2024-09-23,25.862,38.07386360850874
2024-09-24,47.701,39.28277964560716
2024-09-25,49.04,35.27566227034765
2024-09-26,28.275,41.19034912304153
2024-09-27,42.294,37.85296200200041
2024-09-28,29.832,39.04182439781419
2024-09-29,24.563,39.90240111838691
2024-09-30,32.926,40.73674005628862
2024-10-01,35.624,35.08961538452602
2024-10-02,24.168,45.4087772132481
2024-10-03,31.82,41.41860747530992
2024-10-04,31.573,36.61008441246899
2024-10-05,24.22,36.448628491034704
2024-10-06,45.92,37.01151807590526
2024-10-07,42.588,33.63861256746642
2024-10-08,42.482,45.790836857517036
2024-10-09,52.981,50.88825910820832
2024-10-10,23.71,48.856168615984764
2024-10-11,26.519,44.73182816910077
2024-10-12,46.56,32.7888233309577
2024-10-13,19.121,34.62035486485722
2024-10-14,23.558,34.320984463365406
2024-10-15,23.879,36.08295992033615
2024-10-16,39.062,36.005851771988986
2024-10-17,37.039,32.974670211765016
2024-10-18,61.598,36.360305250200476
2024-10-19,53.331,37.907335530200115
2024-10-20,48.151,47.621892461164066
2024-10-21,55.759,54.887483946077715
2024-10-22,48.071,53.056117539279775
2024-10-23,63.308,47.69609978005249
2024-10-24,39.93,54.90287259456988
2024-10-25,27.893,53.67363867444401
2024-10-26,32.501,43.57912049923839
2024-10-27,25.636,34.731845239786686
2024-10-28,21.76,40.76991520614111
2024-10-29,20.634,34.280430061337164
2024-10-30,22.138,28.863875534566013
2024-10-31,27.798,36.393346361148396
2024-11-01,17.682,34.4025041880449
2024-11-02,17.849,31.134992454227106
2024-11-03,32.648,33.327981659077636
2024-11-04,22.232,36.2134920878885
2024-11-05,21.728,39.33646524656418
2024-11-06,21.896,32.01543992222149
2024-11-07,23.87,36.06624920028714
2024-11-08,38.087,37.93610174440989
2024-11-09,79.508,36.64198177350347
2024-11-10,29.817,41.21519473887769
2024-11-11,93.092,48.687026914020144
2024-11-12,53.36,47.536163073482456
2024-11-13,57.725,47.265092939350815
2024-11-14,37.555,46.82602338264531
2024-11-15,27.606,44.84843315004488
2024-11-16,25.043,42.74194961741441
2024-11-17,22.888,35.57277766627286
2024-11-18,30.106,30.958057951688488
2024-11-19,33.288,38.75841134169554
2024-11-20,43.337,42.37116951168029
2024-11-21,57.453,42.754415712383
2024-11-22,31.869,50.39256622626411
2024-11-23,37.899,50.79458989332636
2024-11-24,26.257,42.23849292434743
2024-11-25,70.497,38.529803546865644
2024-11-26,69.938,32.359997911501885
2024-11-27,69.741,37.81314477764482
2024-11-28,42.095,42.25353311470872
2024-11-29,30.873,42.627145367615135
2024-11-30,29.878,39.807583143749405
2024-12-01,26.164,36.311145063920904
2024-12-02,28.372,33.5365502730401
2024-12-03,23.021,32.15864133875346
2024-12-04,27.325,27.160219531405442
2024-12-05,26.314,25.131085308246544
2024-12-06,21.251,25.551208952556298
2024-12-07,25.044,25.656951824875105
2024-12-08,21.397,23.497998995200977
2024-12-09,20.137,22.32118049779544
2024-12-10,22.166,22.077602642871483
2024-12-11,23.813,21.17491007457681
2024-12-12,18.533,23.796881884411153
2024-12-13,21.667,22.63781571224482
2024-12-14,38.931,21.261623923821816
2024-12-15,31.622,21.506231032507955
2024-12-16,22.206,28.668541107120046
2024-12-17,24.853,28.5001407225935
2024-12-18,37.476,28.024385746886363
2024-12-19,19.317,29.194230964346442
2024-12-20,41.066,32.6947302992911
2024-12-21,102.558,30.021634989755388
2024-12-22,158.712,39.339523555739696
2024-12-23,40.426,39.11201221101385
2024-12-24,32.982,51.546439021742444
2024-12-25,47.888,44.80161417560084
2024-12-26,38.993,52.01376575785528
2024-12-27,26.953,43.69267928333571
2024-12-28,31.526,35.42054439632717
2024-12-29,28.039,34.366315354183435
2024-12-30,23.733,34.72711422131332
2024-12-31,20.428,31.444706524353123
2025-01-01,29.255,30.145772423563454
2025-01-02,29.851,26.99811336478706
2025-01-03,57.433,32.405900751057025
2025-01-04,52.738,36.377180226688516
2025-01-05,28.332,45.988348311833704
2025-01-06,23.297,39.14220801680055
2025-01-07,25.147,36.035572880817284
2025-01-08,27.597,29.055009671722974
2025-01-09,16.163,26.01098642903536
2025-01-10,23.91,26.740229868022645
2025-01-11,17.791,22.20615683942911
2025-01-12,15.218,22.798719323743114
2025-01-13,15.532,19.44923048294291
2025-01-14,21.979,19.52893068083884
2025-01-15,18.486,17.536478812149863
2025-01-16,22.933,19.268792547422112
2025-01-17,21.63,20.53898800410453
2025-01-18,20.062,23.591555784680832
2025-01-19,14.497,21.3696044360963
2025-01-20,10.298,23.597729576146957
2025-01-21,12.497,22.535955364499348
2025-01-22,10.866,17.103941893064746
2025-01-23,11.816,16.77181303249295
2025-01-24,13.91,17.883017763451765
2025-01-25,17.247,19.809729719260922
2025-01-26,25.248,27.452512087997356
2025-01-27,43.266,31.21275243878856
2025-01-28,52.009,30.29671559761602
2025-01-29,94.627,34.90671009663526
2025-01-30,63.599,37.85476238748569
2025-01-31,35.08,47.91516414790896
2025-02-01,24.716,38.597718886261354
2025-02-02,27.064,35.95175279383986
2025-02-03,32.356,30.25849762296009
2025-02-04,26.83,35.62870842226116
2025-02-05,25.033,42.20347159922956
2025-02-06,43.225,39.28001770418379
2025-02-07,49.862,37.969770684945594
2025-02-08,86.72,35.94070550545489
2025-02-09,28.628,37.00195972863943
2025-02-10,47.342,51.83350292429881
2025-02-11,36.705,44.72238873888145
2025-02-12,26.906,46.43698906003005
2025-02-13,26.727,41.782869830310595
2025-02-14,34.534,34.259115870238276
2025-02-15,35.69,28.90269620433998
2025-02-16,61.055,34.006882771518626
2025-02-17,38.102,42.20991093527746
2025-02-18,21.905,43.20868727842216
2025-02-19,26.23,47.68282980472209
2025-02-20,48.363,38.10656379452912
2025-02-21,33.385,34.46600653557943
2025-02-22,26.628,39.20932258990415
2025-02-23,26.246,44.80737665887981
2025-02-24,73.522,38.90644332858621
2025-02-25,23.133,36.832704296751345
2025-02-26,23.617,44.43210940322908
2025-02-27,34.446,37.967726199914196
2025-02-28,23.37,29.91788113299059
2025-03-01,28.91,34.712608751498806
2025-03-02,55.66,32.0027235808236
2025-03-03,62.15,31.377829669213433
2025-03-04,51.65,35.74349416668293
2025-03-05,22.46,41.78143776231013
2025-03-06,28.1,42.950504267605524
2025-03-07,18.12,37.148733243023216
2025-03-08,24.44,30.646508186833714
2025-03-09,17.49,26.187442258790384
2025-03-10,22.78,27.116714381338983
2025-03-11,19.49,25.243796471664766
2025-03-12,23.83,29.16784144839554
2025-03-13,36.16,27.04808510506592
2025-03-14,27.53,32.965885671620235
2025-03-15,37.49,35.268473040574804
2025-03-16,43.2,38.68801393126932
2025-03-17,40.02,41.60419271079848
2025-03-18,29.21,42.426041234379355
2025-03-19,28.32,41.40222582096642
2025-03-20,31.28,36.01224606085701
2025-03-21,30.51,35.30527092734803
2025-03-22,19.64,36.131696099058026
2025-03-23,23.4,34.051556163248236
2025-03-24,22.78,27.806094852210684
2025-03-25,15.93,27.41255590893523
2025-03-26,18.62,26.25482535130814
2025-03-27,27.73,30.56779698951271
2025-03-28,32.83,31.305986614589283
2025-03-29,23.5,32.37806335057803
2025-03-30,13.97,36.93886163430842
2025-03-31,63.29,38.27370671854108
2025-04-01,29.96,31.65011564948546
2025-04-02,24.91,34.62234717494203
2025-04-03,27.53,37.14990858890163
2025-04-04,22.63,38.40971961869805
2025-04-05,25.92,40.72099054694549
2025-04-06,32.43,40.01390330692583
2025-04-07,51.39,39.46337669424156
2025-04-08,33.21,42.979215501110026
2025-04-09,85.17,49.14262387057426
2025-04-10,39.83,60.923784346812106
2025-04-11,105.3,61.2281883089245
2025-04-12,45.15,58.81857838678006
2025-04-13,37.4,49.941737490066515
2025-04-14,22.53,48.51273754629507
2025-04-15,25.26,40.931275825203095
2025-04-16,37.44,36.919263925946915
2025-04-17,26.17,35.94514756672188
2025-04-18,51.5,36.008132579181535
2025-04-19,87.56,41.929039613644164
2025-04-20,56.19,43.69132386244322
2025-04-21,28.99,45.07610000744009
2025-04-22,78.23,50.009041358088865
2025-04-23,65.34,41.12823496636414
2025-04-24,57.42,47.125908767191376
2025-04-25,34.67,48.71597435515407
2025-04-26,119.7,51.64453648312273
2025-04-27,68.86,45.43911705453146
2025-04-28,127.99,54.70239884672109
2025-04-29,69.22,54.48691450930281
2025-04-30,34.26,60.224935121716804
2025-05-01,49.19,57.034933358216165
2025-05-02,56.72,53.55940691963081
2025-05-03,50.9,53.510485799843295
2025-05-04,63.54,50.82955530230707
2025-05-05,67.34,55.01008513257423
2025-05-06,71.01,48.81558506533541
2025-05-07,62.9,57.439995257489585
2025-05-08,48.63,52.16681267637354
2025-05-09,37.34,59.80974929370703
2025-05-10,23.89,55.202986614585704
2025-05-11,23.84,47.84724978867419
2025-05-12,23.68,33.485286011596806
2025-05-13,32.03,33.36306378338377
2025-05-14,44.9,29.045659642113232
2025-05-15,90.19,38.69269308271233
2025-05-16,135.9,43.54025257892604
2025-05-17,118.45,52.19834115921044
2025-05-18,176.26,59.36011264741469
2025-05-19,150.16,60.54856936797808
2025-05-20,107.19,63.06688830173374
2025-05-21,109.21,52.71856360928934
2025-05-22,95.46,55.752741212112205
2025-05-23,61.19,48.43031189624086
2025-05-24,29.25,47.35508999197529
2025-05-25,60.99,46.65192805910525
2025-05-26,112.64,43.061945608115046
2025-05-27,97.59,46.332290413822484
2025-05-28,79.72,46.40309632126031
2025-05-29,88.61,43.60199096612959
2025-05-30,32.31,45.5726929317832
2025-05-31,35.52,45.781146893723694
2025-06-01,15.99,43.96385489668023
2025-06-02,80.06,39.410460788138835
2025-06-03,101.26,29.276478583883147
2025-06-04,58.98,35.35665146841755
2025-06-05,65.14,39.82905355955202
2025-06-06,29.4,43.451304844188776
2025-06-07,24.14,43.34300149157143
2025-06-08,31.82,35.514747787177726
2025-06-09,48.14,39.265397259975735
2025-06-10,90.51,39.498201831199125
2025-06-11,76.19,37.09655089200138
2025-06-12,115.8,41.33320247931772
2025-06-13,100.08,52.03966722193864
2025-06-14,47.52,64.98881746536604
2025-06-15,94.77,69.78433822522331
2025-06-16,100.49,61.24431592755794
2025-06-17,58.74,62.917082602619466
2025-06-18,86.87,56.75125944309753
2025-06-19,85.07,45.713070123442726
2025-06-20,27.06,58.73810027684064
2025-06-21,52.09,42.69330529935323
2025-06-22,124.07,45.963030811417845
2025-06-23,44.35,50.28387499592925
2025-06-24,23.11,56.200515727652046
2025-06-25,19.71,51.42366328458186
2025-06-26,34.97,35.20900621021011
2025-06-27,13.92,31.160499280542286
2025-06-28,28.45,38.57938544188009
2025-06-29,24.46,29.49977141792323
2025-06-30,15.94,27.732342559852295
2025-07-01,20.89,29.49282404764022
2025-07-02,15.96,26.8634786891883
2025-07-03,13.83,28.03794471056262
2025-07-04,53.35,24.164467496044484
2025-07-05,18.12,22.879253605227614
2025-07-06,18.95,32.778932493194056
2025-07-07,15.09,25.239424276241976
2025-07-08,16.73,27.21844348040997
2025-07-09,40.17,24.742517179895525
2025-07-10,42.87,25.069685434230184
2025-07-11,17.88,33.6100597499469
2025-07-12,19.42,34.74457549621365
2025-07-13,30.34,29.12617242814413
2025-07-14,43.6,25.183370293361698
2025-07-15,87.0,27.50663495878651
2025-07-16,20.18,30.50329391020701
2025-07-17,17.15,38.78853651867695
2025-07-18,18.85,27.671090223972023
2025-07-19,15.72,23.791732447400292
2025-07-20,30.44,20.80532875794178
2025-07-21,128.81,24.499021788753737
2025-07-22,80.11,28.59603274303849
2025-07-23,17.21,33.2812860994829
2025-07-24,15.08,34.0741763843951
2025-07-25,27.33,40.332213494969494
2025-07-26,41.49,28.83855538250093
2025-07-27,48.87,32.79130973704164
2025-07-28,64.92,35.838098832227786
2025-07-29,63.4,40.37933559859309
2025-07-30,18.98,47.841309943450135
2025-07-31,65.13,43.33431641682884
2025-08-01,72.22,38.21460139074996
2025-08-02,30.33,37.35000646227461
2025-08-03,13.8,36.966872254097574
2025-08-04,12.61,38.24674488139012
2025-08-05,20.36,31.580017943794626
2025-08-06,32.4,25.05815043291683
2025-08-07,39.61,32.547009813225095
2025-08-08,26.56,36.386948814726324
2025-08-09,17.51,41.10756015456325
2025-08-10,45.26,40.42465095312903
2025-08-11,22.42,42.20434195719402
2025-08-12,27.4,41.00256847416671
2025-08-13,27.3,33.48187409699039
2025-08-14,42.36,38.1873061325765
2025-08-15,65.79,38.0804263171533
2025-08-16,26.21,48.93597150348808
2025-08-17,50.86,50.01255236473995
2025-08-18,35.63,47.54082385174069
2025-08-19,15.38,47.71784220272302
2025-08-20,75.23,44.68091161971978
2025-08-21,49.46,52.2605593496135
2025-08-22,35.61,48.06553908866195
2025-08-23,20.41,47.76991484956442
2025-08-24,17.66,49.84072919327468
2025-08-25,19.55,43.53952921927833
2025-08-26,20.12,33.38566188718307
2025-08-27,20.99,30.984967892624095
2025-08-28,18.68,30.901980301176145
2025-08-29,17.78,27.70764894348521
2025-08-30,19.91,27.21127910432063
2025-08-31,23.43,32.00698410441113
2025-09-01,30.13,31.139524153974016
2025-09-02,77.63,37.81115284235379
2025-09-03,32.15,47.47579227425593
2025-09-04,13.49,56.27955474299357
2025-09-05,33.71,44.86482614268136
2025-09-06,93.18,43.941461505733564
2025-09-07,34.23,45.26602905754213
2025-09-08,40.88,51.55967760750328
2025-09-09,23.84,47.29412532243673
2025-09-10,35.87,47.448883941370525
2025-09-11,20.11,38.940115500622895
2025-09-12,14.67,38.45029200569081
2025-09-13,28.09,34.00959393937244
2025-09-14,32.62,30.882639251050193
2025-09-15,23.82,30.463824060455448
2025-09-16,61.22,37.40749489380153
2025-09-17,77.44,39.71617717878586
2025-09-18,48.41,47.012301276339905
2025-09-19,28.27,46.26396820166502
2025-09-20,25.87,53.97581942339727
2025-09-21,17.85,38.94732785267037
2025-09-22,21.19,36.56906101448091
2025-09-23,14.4,30.715692532260505
2025-09-24,17.45,32.33258943443787
2025-09-25,15.93,33.95790431894756
2025-09-26,52.77,30.69644705930657
2025-09-27,55.15,32.04377652109258
2025-09-28,75.55,42.32062797178643
2025-09-29,52.23,51.88939424526591
2025-09-30,26.65,51.48601930364913
2025-10-01,25.39,50.128334354234596
2025-10-02,40.8,48.00299773365063
2025-10-03,19.55,46.94864746760444
2025-10-04,30.74,49.53705086563875
2025-10-05,52.29,42.86755602971949
2025-10-06,23.73,44.218851359446276
2025-10-07,48.21,40.57034328371773
2025-10-08,50.63,42.310711258426714
2025-10-09,75.63,43.70674474859125
2025-10-10,55.03,47.44743792842977
2025-10-11,63.81,56.42346407493698
2025-10-12,41.66,56.922947558456826
2025-10-13,30.43,51.11416591629788
2025-10-14,55.7,47.62249724547044
2025-10-15,36.13,44.00569601063317
2025-10-16,13.86,47.83377572596576
2025-10-17,51.96,45.34206332416932
2025-10-18,46.42,42.67578553381832
2025-10-19,40.69,39.1173297158606
2025-10-20,42.66,44.68320750892806
2025-10-21,92.28,44.56954329158728
2025-10-22,48.19,51.54044467043908
2025-10-23,43.85,49.262247090185305
2025-10-24,59.15,48.95531767465217
2025-10-25,71.47,51.96854509985911
2025-10-26,44.75,48.8965882580705
2025-10-27,44.04,55.24082546883822
2025-10-28,37.28,52.57401984276291
2025-10-29,36.79,50.26999186750261
2025-10-30,46.68,48.333751311410886
2025-10-31,23.45,47.94048536898143
2025-11-01,32.03,45.89467586068653
2025-11-02,69.83,42.76752347552303
2025-11-03,36.13,44.75591759312679
2025-11-04,20.68,46.553738293112595
2025-11-05,90.26,49.018669023361824
2025-11-06,27.73,43.409184826127685
2025-11-07,14.58,38.65871931865688
2025-11-08,50.86,36.6409763200706
2025-11-09,42.46,33.38049600921824
2025-11-10,22.98,43.029688370803214
2025-11-11,64.61,44.31068219014527
2025-11-12,42.85,43.6031274229699
2025-11-13,114.4,45.64891960402032
2025-11-14,66.09,46.87540237091486
2025-11-15,72.07,54.997327884842555
2025-11-16,44.62,64.46696672210649
2025-11-17,41.58,61.3066431393907
2025-11-18,47.11,55.72618971652301
2025-11-19,36.54,50.27180377623416
2025-11-20,17.35,48.61485435382384
2025-11-21,18.96,44.90786252585737
2025-11-22,15.55,37.226204839879514
2025-11-23,26.64,29.22170799491688
2025-11-24,51.66,29.71140112203814
2025-11-25,45.56,36.8952978786746
2025-11-26,61.85,39.74051362456467
2025-11-27,33.9,42.96784193825662
2025-11-28,24.32,43.64816968540538
2025-11-29,152.72,40.62060211872657
2025-11-30,58.05,42.387381190347206
2025-12-01,35.13,49.06887610630373
2025-12-02,29.25,54.792871241048715
2025-12-03,30.86,60.38761649160697
2025-12-04,26.12,49.05919144879271
2025-12-05,25.58,45.1108427088919
2025-12-06,22.7,34.25672963786633
2025-12-07,27.19,30.781277519972797
2025-12-08,17.92,27.525237736392768
2025-12-09,12.57,29.859193122554952
2025-12-10,23.45,27.2146872834997
2025-12-11,44.39,24.949464105979697
2025-12-12,13.24,30.982459065201308
2025-12-13,22.06,41.90658921806634
2025-12-14,34.99,32.43956298379226
2025-12-15,18.95,28.64778261398368
2025-12-16,18.19,32.24486513793087
2025-12-17,17.94,28.11423679545335
2025-12-18,11.27,26.75655656724128
2025-12-19,16.7,24.997301178232775
2025-12-20,25.61,25.719218319723183
2025-12-21,33.75,23.383797359498633
2025-12-22,18.34,24.936465368104415
2025-12-23,12.47,30.28140431699715
2025-12-24,15.74,26.877265493939625
2025-12-25,14.46,25.61564385499811
2025-12-26,15.88,22.362306169216808
2025-12-27,12.67,21.84781749633165
2025-12-28,13.57,22.27501724814665
2025-12-29,12.98,21.844979815908076
2025-12-30,29.8,21.13410453590347
2025-12-31,26.97,22.675016468966923
2026-01-01,15.82,29.560590802428607
2026-01-02,30.69,30.106001142231854
2026-01-03,18.18,29.99099196534425
2026-01-04,16.33,37.14806945528007
2026-01-05,25.6,31.398574761842582
2026-01-06,21.0,33.932365280803324
2026-01-07,31.39,26.76102904261324
2026-01-08,53.72,29.975616572372157
2026-01-09,52.58,33.677081443075735
2026-01-10,90.47,36.00029502113918
2026-01-11,100.08,40.47292071444505
2026-01-12,101.57,48.69331316798932
2026-01-13,59.27,49.454558396359566
2026-01-14,28.2,49.85560492520237
2026-01-15,37.28,48.018016875243696
2026-01-16,13.15,39.42817010261089
2026-01-17,19.14,33.41205927270833
2026-01-18,21.31,28.840019927242604
2026-01-19,11.44,27.587642035367775
2026-01-20,16.69,25.431987141835616
2026-01-21,17.71,23.324872154989635
2026-01-22,16.24,25.575523904034938
2026-01-23,29.44,24.07081668272138
2026-01-24,21.03,22.00405138826912
2026-01-25,43.78,26.830032971933083
2026-01-26,28.54,24.646077642498334
2026-01-27,25.29,34.006485500329994
2026-01-28,39.81,30.376516142169848
2026-01-29,34.67,37.92837407382716
2026-01-30,93.76,39.28525436281872
2026-01-31,44.68,39.92325111700435
2026-02-01,25.77,49.09796554753855
2026-02-02,24.36,61.1054903703715
2026-02-03,24.88,39.15583382383294
2026-02-04,29.44,35.34622515661841
2026-02-05,59.31,26.584373338524628
2026-02-06,28.11,42.99865393319242
2026-02-07,23.09,38.193748842846446
2026-02-08,19.24,37.54766066271741
2026-02-09,22.4,29.60990577320699
2026-02-10,26.52,25.60085277263398
2026-02-11,15.2,26.14055061777989
2026-02-12,17.15,25.112531588030798
2026-02-13,26.71,28.392809013134578
2026-02-14,32.6,24.49322189830062
2026-02-15,33.25,31.922761477289953
2026-02-16,38.35,34.196027137352715
2026-02-17,74.9,41.165908988132166
2026-02-18,35.79,44.697565076523574
2026-02-19,30.0,41.205939908415374
2026-02-20,40.58,39.12077776231908
2026-02-21,51.91,34.910956671801166
2026-02-22,55.89,33.835437889249874
2026-02-23,28.58,44.580920505867795
2026-02-24,28.58,50.88791621844878
2026-02-25,27.55,44.29710723946656
2026-02-26,25.98,38.684761395103585
2026-02-27,26.08,31.353799478177738
2026-02-28,19.9,29.17267525271172
2026-03-01,79.4,36.832473886718596
2026-03-02,18.61,36.65033237841557
2026-03-03,41.67,38.27128990198716
2026-03-04,23.03,28.284494079056408
2026-03-05,47.9,35.281285016762794
2026-03-06,47.33,27.529271082511688
2026-03-07,67.25,33.39664135163338
2026-03-08,30.24,40.204378350864
2026-03-09,26.47,46.19957348356201
2026-03-10,27.4,39.33534677608346
2026-03-11,23.57,34.80996236357893
2026-03-12,18.02,31.400989525074042
2026-03-13,20.78,29.35606061970007
2026-03-14,20.23,26.79080641552893
2026-03-15,23.01,26.999080545947965
2026-03-16,28.41,25.57823900180536
2026-03-17,18.73,29.600930186719555
2026-03-18,20.61,40.38863828860547
2026-03-19,24.94,34.742125314652384
2026-03-20,19.45,35.187942715793916
2026-03-21,16.96,25.394822413145423
2026-03-22,22.65,27.009309322756312
2026-03-23,32.26,27.03316969568718
2026-03-24,25.72,32.977349581635174
2026-03-25,22.35,33.46524752065071
2026-03-26,34.38,35.975858749620464
2026-03-27,21.7,36.51250640334905
2026-03-28,38.55,36.71824212423069
2026-03-29,31.68,30.539818235317252
2026-03-30,32.05,39.93688447477328
2026-03-31,28.1,38.82339833551302
2026-04-01,31.43,45.64893398758163
2026-04-02,30.97,42.023052678269465
2026-04-03,42.27,37.72408848993899
2026-04-04,60.63,41.35114189879944
2026-04-05,26.79,40.06977209718129
2026-04-06,52.06,42.30022678406587
2026-04-07,116.4,42.490181626378785
2026-04-08,28.58,44.52979129803849
2026-04-09,23.96,47.278076729343375
2026-04-10,37.84,41.353207782679206
2026-04-11,27.63,35.67521551106149
2026-04-12,24.95,34.3296471208177
2026-04-13,20.94,38.82551599333879
2026-04-14,66.39,31.835073769389307
2026-04-15,111.19,36.33895209242559
2026-04-16,55.44,40.858677323681924
2026-04-17,26.22,48.11686268945531
2026-04-18,36.46,47.68201981468469
2026-04-19,37.21,40.4838558648817
2026-04-20,71.04,39.5564258679244
2026-04-21,40.41,43.258868620908004
2026-04-22,49.98,46.46854196678776
2026-04-23,76.24,48.30365681935235
2026-04-24,85.45,46.524204002490734
2026-04-25,70.63,60.277591971745274
2026-04-26,31.77,54.15906494488452
2026-04-27,59.51,55.07575943836164
2026-04-28,56.02,50.075299311784825
2026-04-29,31.49,53.36790453716849
2026-04-30,31.3,47.41472237900926
2026-05-01,46.39,42.37442898178013
2026-05-02,24.47,46.86314006441888
2026-05-03,25.35,48.91778276042322
2026-05-04,19.32,46.24524225561199
2026-05-05,27.07,38.60821455714878
2026-05-06,22.23,32.26479999990578
2026-05-07,12.76,28.99964747212094
2026-05-08,20.9,27.683559982136625
2026-05-09,29.92,26.26361824638313
2026-05-10,17.42,28.168797336788323
2026-05-11,21.79,31.469642745846322
2026-05-12,13.54,32.83013792574521
2026-05-13,16.49,30.520972284170224
2026-05-14,24.64,26.462959890127166
2026-05-15,46.26,26.510253955768263
2026-05-16,13.9,27.219799867678944
2026-05-17,22.17,33.89471613017014
2026-05-18,31.83,29.55820544550977
2026-05-19,15.87,30.843227863939166
2026-05-20,22.66,31.026195827050966
2026-05-21,17.56,36.6293805480359
2026-05-22,21.96,30.810728585488846
2026-05-23,30.34,25.564336972575543
2026-05-24,18.62,30.292888550940226
2026-05-25,21.24,30.879756509057184
2026-05-26,22.38,34.73687182327835
2026-05-27,19.92,25.959037635883295
2026-05-28,13.19,24.83515197399409
2026-05-29,18.04,26.1104400172279
2026-05-30,18.73,23.6567148301966
2026-05-31,28.0,21.91346085056938
2026-06-01,10.58,21.705853948631475
2026-06-02,24.96,24.111008959586908
2026-06-03,24.96,22.401310012587526
2026-06-04,47.13,26.76584522534024
2026-06-05,31.07,32.252976012797525
2026-06-06,58.53,40.63260835412677
2026-06-07,82.71,43.125830258816144
2026-06-08,45.78,46.076397638851326
2026-06-09,40.89,48.903612435458975
2026-06-10,19.75,42.83245306681608
2026-06-11,26.44,41.50635486871832
2026-06-12,26.44,33.04318220846737
2026-06-13,43.41,30.18425396377359
2026-06-14,17.39,29.92008237901076
2026-06-15,16.06,33.450106204157024
2026-06-16,19.75,29.3226156134572
2026-06-17,17.33,25.921744150897833
2026-06-18,62.8,26.435081737653846
2026-06-19,37.02,29.291010846658263
2026-06-20,79.39,37.26797910621338
2026-06-21,37.41,41.45486554026772
2026-06-22,83.0,40.715492197424865
2026-06-23,21.7,42.76810580607661
2026-06-24,40.52,38.52393127854223
2026-06-25,42.87,29.10603620395174
2026-06-26,40.5,31.588770522442378
2026-06-27,25.42,33.114797772980324
2026-06-28,17.45,34.30658471053208
2026-06-29,17.65,28.41416278071207
2026-06-30,11.76,24.881232135417818
2026-07-01,12.88,23.382505332746582
2026-07-02,11.74,19.19006804796159
2026-07-03,10.21,20.06937131776457
2026-07-04,14.09,19.232795662462703
2026-07-05,34.22,17.411832786317554
2026-07-06,12.69,19.136116239530804
2026-07-07,10.76,26.926173502533953
2026-07-08,17.6,22.807517910027496
2026-07-09,11.63,20.561280372146673
2026-07-10,13.9,20.170017573088266
2026-07-11,18.51,18.911760594546667
2026-07-12,13.72,19.335914836778134
2026-07-13,16.35,20.189714196615114
2026-07-14,9.14,18.45198625953894
2026-07-15,15.52,19.391562795917064
2026-07-16,8.91,17.761687008009137
2026-07-17,8.66,18.705969754978156
2026-07-18,10.83,19.10272266601361
2026-07-19,22.91,19.079617542693676
2026-07-20,19.54,26.32711219327342
2026-07-21,10.06,28.941306869903364
2026-07-22,48.66,29.016220296049713
2026-07-23,26.57,29.345198723742055
2026-07-24,15.09,32.87382706472084
2026-07-25,29.19,30.85584041644693
2026-07-26,21.22,25.957795254066426
2026-07-27,6.99,29.53526326987785
2026-07-28,30.98,22.997051529074742
2026-07-29,10.97,21.602480762305646
2026-07-30,9.99,29.733990778900882
2026-07-31,9.23,20.704689257466686
2026-08-01,15.97,20.54637697916674
2026-08-02,9.69,18.507184970879578
2026-08-03,15.55,20.390381702915924
2026-08-04,19.84,19.278739887790813
2026-08-05,16.38,19.184488883371003
2026-08-06,15.89,22.246912785058125
2026-08-07,16.78,20.304098616265257
2026-08-08,34.32,20.399406369139076
2026-08-09,13.05,22.88092067565621
2026-08-10,17.68,29.506962526227714
2026-08-11,16.52,24.43476112346574
2026-08-12,15.84,22.167910863681783
2026-08-13,10.35,19.490727856436468
2026-08-14,16.87,21.921017064666778
2026-08-15,35.35,21.813183317376623
2026-08-16,47.7,32.10029023407682
2026-08-17,14.72,37.654813342208065
2026-08-18,26.61,37.49612634117007
2026-08-19,10.29,30.243004411599486
2026-08-20,16.06,29.644767298375875
2026-08-21,12.24,22.66506740074423
2026-08-22,13.69,25.105608483633723
2026-08-23,21.26,21.341859350178403
2026-08-24,9.43,23.13960197919508
2026-08-25,14.14,25.03324495954733
2026-08-26,13.9,22.03464452492997
2026-08-27,36.56,21.15778249139604
2026-08-28,48.95,21.877460205012124
2026-08-29,33.49,35.831652040179826
2026-08-30,16.81,39.85139109679874
