fecha,objetivo_t1,evento,pred_evento,pred_persistencia,pred_hurdle
2021-04-16,60.054,0,0,84.95,84.95
2021-04-17,54.895,0,0,60.054,60.054
2021-04-18,52.767,0,0,54.895,54.895
2021-04-19,48.497,0,0,52.767,52.767
2021-04-20,49.767,0,0,48.497,48.497
2021-04-21,49.083,0,0,49.767,49.767
2021-04-22,50.879,0,0,49.083,49.083
2021-04-23,48.857,0,0,50.879,50.879
2021-04-24,47.163,0,0,48.857,48.857
2021-04-25,46.037,0,0,47.163,47.163
2021-04-26,51.209,0,0,46.037,46.037
2021-04-27,55.922,0,0,51.209,51.209
2021-04-28,82.571,0,0,55.922,55.922
2021-04-29,87.226,0,0,82.571,82.571
2021-04-30,63.651,0,0,87.226,87.226
2021-05-01,64.472,0,0,63.651,63.651
2021-05-02,125.64,1,0,64.472,64.472
2021-05-03,147.195,0,0,125.64,125.64
2021-05-04,116.254,0,0,147.195,147.195
2021-05-05,102.104,0,0,116.254,116.254
2021-05-06,119.342,0,0,102.104,102.104
2021-05-07,125.655,0,0,119.342,119.342
2021-05-08,104.726,0,0,125.655,125.655
2021-05-09,131.165,0,0,104.726,104.726
2021-05-10,74.611,1,0,131.165,131.165
2021-05-11,58.085,0,0,74.611,74.611
2021-05-12,57.659,0,0,58.085,58.085
2021-05-13,53.557,0,0,57.659,57.659
2021-05-14,52.219,0,0,53.557,53.557
2021-05-15,60.257,0,0,52.219,52.219
2021-05-16,138.334,1,0,60.257,60.257
2021-05-17,148.501,0,0,138.334,138.334
2021-05-18,123.17,0,0,148.501,148.501
2021-05-19,94.745,0,0,123.17,123.17
2021-05-20,68.187,0,0,94.745,94.745
2021-05-21,89.854,0,0,68.187,68.187
2021-05-22,101.034,0,0,89.854,89.854
2021-05-23,75.272,0,0,101.034,101.034
2021-05-24,64.667,0,0,75.272,75.272
2021-05-25,101.556,1,0,64.667,64.667
2021-05-26,87.774,0,0,101.556,101.556
2021-05-27,83.468,0,0,87.774,87.774
2021-05-28,79.016,0,0,83.468,83.468
2021-05-29,89.917,0,0,79.016,79.016
2021-05-30,81.782,0,0,89.917,89.917
2021-05-31,140.191,1,0,81.782,81.782
2021-06-01,234.333,1,0,140.191,140.191
2021-06-02,128.541,1,0,234.333,234.333
2021-06-03,86.848,1,0,128.541,128.541
2021-06-04,67.361,0,0,86.848,86.848
2021-06-05,70.72,0,0,67.361,67.361
2021-06-06,77.596,0,0,70.72,70.72
2021-06-07,113.183,1,0,77.596,77.596
2021-06-08,169.94,1,0,113.183,113.183
2021-06-09,112.265,1,0,169.94,169.94
2021-06-10,79.291,0,0,112.265,112.265
2021-06-11,122.775,1,0,79.291,79.291
2021-06-12,117.357,0,0,122.775,122.775
2021-06-13,106.78,0,0,117.357,117.357
2021-06-14,97.1,0,0,106.78,106.78
2021-06-15,90.75,0,0,97.1,97.1
2021-06-16,73.183,0,0,90.75,90.75
2021-06-17,97.754,0,0,73.183,73.183
2021-06-18,74.842,0,0,97.754,97.754
2021-06-19,75.791,0,0,74.842,74.842
2021-06-20,172.402,1,0,75.791,75.791
2021-06-21,99.156,1,0,172.402,172.402
2021-06-22,81.214,0,0,99.156,99.156
2021-06-23,118.383,1,0,81.214,81.214
2021-06-24,111.467,0,0,118.383,118.383
2021-06-25,85.997,0,0,111.467,111.467
2021-06-26,72.653,0,0,85.997,85.997
2021-06-27,107.542,1,0,72.653,72.653
2021-06-28,106.623,0,0,107.542,107.542
2021-06-29,71.428,1,0,106.623,106.623
2021-06-30,63.002,0,0,71.428,71.428
2021-07-01,58.062,0,0,63.002,63.002
2021-07-02,53.184,0,0,58.062,58.062
2021-07-03,50.806,0,0,53.184,53.184
2021-07-04,48.26,0,0,50.806,50.806
2021-07-05,46.21,0,0,48.26,48.26
2021-07-06,46.263,0,0,46.21,46.21
2021-07-07,45.234,0,0,46.263,46.263
2021-07-08,46.679,0,0,45.234,45.234
2021-07-09,61.049,0,0,46.679,46.679
2021-07-10,53.986,0,0,61.049,61.049
2021-07-11,43.373,0,0,53.986,53.986
2021-07-12,47.757,0,0,43.373,43.373
2021-07-13,40.142,0,0,47.757,47.757
2021-07-14,37.501,0,0,40.142,40.142
2021-07-15,54.211,0,0,37.501,37.501
2021-07-16,106.431,1,0,54.211,54.211
2021-07-17,80.226,0,0,106.431,106.431
2021-07-18,53.141,0,0,80.226,80.226
2021-07-19,43.609,0,0,53.141,53.141
2021-07-20,38.973,0,0,43.609,43.609
2021-07-21,36.558,0,0,38.973,38.973
2021-07-22,36.448,0,0,36.558,36.558
2021-07-23,35.784,0,0,36.448,36.448
2021-07-24,48.758,0,0,35.784,35.784
2021-07-25,47.459,0,0,48.758,48.758
2021-07-26,59.85,0,0,47.459,47.459
2021-07-27,50.437,0,0,59.85,59.85
2021-07-28,59.722,0,0,50.437,50.437
2021-07-29,44.361,0,0,59.722,59.722
2021-07-30,39.922,0,0,44.361,44.361
2021-07-31,37.12,0,0,39.922,39.922
2021-08-01,34.201,0,0,37.12,37.12
2021-08-02,32.474,0,0,34.201,34.201
2021-08-03,31.97,0,0,32.474,32.474
2021-08-04,31.633,0,0,31.97,31.97
2021-08-05,33.315,0,0,31.633,31.633
2021-08-06,31.796,0,0,33.315,33.315
2021-08-07,36.517,0,0,31.796,31.796
2021-08-08,39.917,0,0,36.517,36.517
2021-08-09,45.422,0,0,39.917,39.917
2021-08-10,50.838,0,0,45.422,45.422
2021-08-11,56.45,0,0,50.838,50.838
2021-08-12,70.511,0,0,56.45,56.45
2021-08-13,75.92,0,0,70.511,70.511
2021-08-14,128.965,1,0,75.92,75.92
2021-08-15,99.069,0,0,128.965,128.965
2021-08-16,96.857,0,0,99.069,99.069
2021-08-17,102.335,0,0,96.857,96.857
2021-08-18,72.151,0,0,102.335,102.335
2021-08-19,96.601,0,0,72.151,72.151
2021-08-20,56.955,1,0,96.601,96.601
2021-08-21,50.182,0,0,56.955,56.955
2021-08-22,72.011,0,0,50.182,50.182
2021-08-23,72.225,0,0,72.011,72.011
2021-08-24,81.678,0,0,72.225,72.225
2021-08-25,74.712,0,0,81.678,81.678
2021-08-26,64.398,0,0,74.712,74.712
2021-08-27,61.952,0,0,64.398,64.398
2021-08-28,50.757,0,0,61.952,61.952
2021-08-29,76.884,0,0,50.757,50.757
2021-08-30,106.382,0,0,76.884,76.884
2021-08-31,112.95,0,0,106.382,106.382
2021-09-01,83.503,0,0,112.95,112.95
2021-09-02,63.48,0,0,83.503,83.503
2021-09-03,64.055,0,0,63.48,63.48
2021-09-04,87.256,0,0,64.055,64.055
2021-09-05,82.423,0,0,87.256,87.256
2021-09-06,76.531,0,0,82.423,82.423
2021-09-07,98.93,0,0,76.531,76.531
2021-09-08,77.996,0,0,98.93,98.93
2021-09-09,65.566,0,0,77.996,77.996
2021-09-10,80.525,0,0,65.566,65.566
2021-09-11,74.75,0,0,80.525,80.525
2021-09-12,60.11,0,0,74.75,74.75
2021-09-13,58.233,0,0,60.11,60.11
2021-09-14,73.167,0,0,58.233,58.233
2021-09-15,59.964,0,0,73.167,73.167
2021-09-16,51.288,0,0,59.964,59.964
2021-09-17,46.367,0,0,51.288,51.288
2021-09-18,57.569,0,0,46.367,46.367
2021-09-19,48.719,0,0,57.569,57.569
2021-09-20,55.002,0,0,48.719,48.719
2021-09-21,45.774,0,0,55.002,55.002
2021-09-22,126.699,1,0,45.774,45.774
2021-09-23,106.669,0,1,126.699,74.97270879287625
2021-09-24,66.712,1,0,106.669,106.669
2021-09-25,56.399,0,0,66.712,66.712
2021-09-26,51.878,0,0,56.399,56.399
2021-09-27,49.663,0,0,51.878,51.878
2021-09-28,51.567,0,0,49.663,49.663
2021-09-29,96.309,1,0,51.567,51.567
2021-09-30,71.499,0,0,96.309,96.309
2021-10-01,80.356,0,0,71.499,71.499
2021-10-02,72.885,0,0,80.356,80.356
2021-10-03,53.526,0,0,72.885,72.885
2021-10-04,75.209,0,0,53.526,53.526
2021-10-05,57.519,0,0,75.209,75.209
2021-10-06,82.518,0,0,57.519,57.519
2021-10-07,56.309,0,0,82.518,82.518
2021-10-08,49.446,0,0,56.309,56.309
2021-10-09,51.603,0,0,49.446,49.446
2021-10-10,60.737,0,0,51.603,51.603
2021-10-11,48.145,0,0,60.737,60.737
2021-10-12,61.624,0,0,48.145,48.145
2021-10-13,56.94,0,0,61.624,61.624
2021-10-14,64.516,0,0,56.94,56.94
2021-10-15,59.548,0,0,64.516,64.516
2021-10-16,84.971,0,0,59.548,59.548
2021-10-17,75.62,0,0,84.971,84.971
2021-10-18,56.432,0,0,75.62,75.62
2021-10-19,63.414,0,0,56.432,56.432
2021-10-20,55.897,0,0,63.414,63.414
2021-10-21,60.304,0,0,55.897,55.897
2021-10-22,63.158,0,0,60.304,60.304
2021-10-23,59.774,0,0,63.158,63.158
2021-10-24,42.188,0,0,59.774,59.774
2021-10-25,77.204,1,0,42.188,42.188
2021-10-26,132.102,1,0,77.204,77.204
2021-10-27,88.193,1,1,132.102,70.93033725564014
2021-10-28,81.97,0,0,88.193,88.193
2021-10-29,81.974,0,0,81.97,81.97
2021-10-30,95.235,0,0,81.974,81.974
2021-10-31,92.375,0,0,95.235,95.235
2021-11-01,98.744,0,0,92.375,92.375
2021-11-02,91.419,0,0,98.744,98.744
2021-11-03,100.335,0,0,91.419,91.419
2021-11-04,67.721,0,0,100.335,100.335
2021-11-05,60.873,0,0,67.721,67.721
2021-11-06,57.636,0,0,60.873,60.873
2021-11-07,61.403,0,0,57.636,57.636
2021-11-08,85.792,0,0,61.403,61.403
2021-11-09,92.121,0,0,85.792,85.792
2021-11-10,79.542,0,0,92.121,92.121
2021-11-11,60.468,0,0,79.542,79.542
2021-11-12,66.45,0,0,60.468,60.468
2021-11-13,70.65,0,0,66.45,66.45
2021-11-14,62.44,0,0,70.65,70.65
2021-11-15,61.419,0,0,62.44,62.44
2021-11-16,52.097,0,0,61.419,61.419
2021-11-17,49.216,0,0,52.097,52.097
2021-11-18,54.247,0,0,49.216,49.216
2021-11-19,57.753,0,0,54.247,54.247
2021-11-20,76.977,0,0,57.753,57.753
2021-11-21,68.219,0,0,76.977,76.977
2021-11-22,74.573,0,0,68.219,68.219
2021-11-23,96.625,0,0,74.573,74.573
2021-11-24,132.927,1,0,96.625,96.625
2021-11-25,139.8,0,0,132.927,132.927
2021-11-26,129.887,0,0,139.8,139.8
2021-11-27,86.451,1,0,129.887,129.887
2021-11-28,69.423,0,0,86.451,86.451
2021-11-29,82.522,0,0,69.423,69.423
2021-11-30,95.21,0,0,82.522,82.522
2021-12-01,70.669,0,0,95.21,95.21
2021-12-02,64.88,0,0,70.669,70.669
2021-12-03,82.009,0,0,64.88,64.88
2021-12-04,69.465,0,0,82.009,82.009
2021-12-05,58.249,0,0,69.465,69.465
2021-12-12,41.364,0,0,44.421,44.421
2021-12-13,42.38,0,0,41.364,41.364
2021-12-14,38.468,0,0,42.38,42.38
2021-12-15,37.291,0,0,38.468,38.468
2021-12-16,42.176,0,0,37.291,37.291
2021-12-17,49.254,0,0,42.176,42.176
2021-12-18,38.604,0,0,49.254,49.254
2021-12-19,35.583,0,0,38.604,38.604
2021-12-20,38.973,0,0,35.583,35.583
2021-12-21,39.584,0,0,38.973,38.973
2021-12-22,35.836,0,0,39.584,39.584
2021-12-23,34.019,0,0,35.836,35.836
2021-12-24,35.145,0,0,34.019,34.019
2021-12-25,36.344,0,0,35.145,35.145
2021-12-31,32.536,0,0,34.982,34.982
2022-01-01,38.88,0,0,32.536,32.536
2022-01-02,41.03,0,0,38.88,38.88
2022-01-03,35.257,0,0,41.03,41.03
2022-01-04,38.007,0,0,35.257,35.257
2022-01-05,38.404,0,0,38.007,38.007
2022-01-06,61.253,0,0,38.404,38.404
2022-01-07,50.663,0,0,61.253,61.253
2022-01-08,37.799,0,0,50.663,50.663
2022-01-09,33.541,0,0,37.799,37.799
2022-01-10,33.912,0,0,33.541,33.541
2022-01-11,35.03,0,0,33.912,33.912
2022-01-12,53.067,0,0,35.03,35.03
2022-01-13,69.311,0,0,53.067,53.067
2022-01-14,41.773,0,0,69.311,69.311
2022-01-15,37.37,0,0,41.773,41.773
2022-01-16,36.848,0,0,37.37,37.37
2022-01-17,38.021,0,0,36.848,36.848
2022-01-18,35.39,0,0,38.021,38.021
2022-01-19,31.657,0,0,35.39,35.39
2022-01-20,32.036,0,0,31.657,31.657
2022-01-21,29.576,0,0,32.036,32.036
2022-01-22,30.169,0,0,29.576,29.576
2022-01-23,28.16,0,0,30.169,30.169
2022-01-24,28.679,0,0,28.16,28.16
2022-01-30,25.211,0,0,25.54,25.54
2022-01-31,23.883,0,0,25.211,25.211
2022-02-01,23.044,0,0,23.883,23.883
2022-02-02,22.697,0,0,23.044,23.044
2022-02-03,25.202,0,0,22.697,22.697
2022-02-04,34.999,0,0,25.202,25.202
2022-02-05,30.738,0,0,34.999,34.999
2022-02-06,40.06,0,0,30.738,30.738
2022-02-07,36.427,0,0,40.06,40.06
2022-02-08,33.362,0,0,36.427,36.427
2022-02-09,35.408,0,0,33.362,33.362
2022-02-10,28.571,0,0,35.408,35.408
2022-02-11,25.037,0,0,28.571,28.571
2022-02-12,24.618,0,0,25.037,25.037
2022-02-13,25.071,0,0,24.618,24.618
2022-02-14,25.818,0,0,25.071,25.071
2022-02-15,28.194,0,0,25.818,25.818
2022-02-16,25.658,0,0,28.194,28.194
2022-02-17,24.43,0,0,25.658,25.658
2022-02-18,28.876,0,0,24.43,24.43
2022-02-24,25.983,0,0,30.658,30.658
2022-02-25,26.753,0,0,25.983,25.983
2022-02-26,27.058,0,0,26.753,26.753
2022-02-27,38.397,0,0,27.058,27.058
2022-02-28,71.918,0,0,38.397,38.397
2022-03-01,84.14,0,0,71.918,71.918
2022-03-02,60.042,0,0,84.14,84.14
2022-03-03,44.191,0,0,60.042,60.042
2022-03-04,49.526,0,0,44.191,44.191
2022-03-05,72.724,0,0,49.526,49.526
2022-03-06,87.16,0,0,72.724,72.724
2022-03-07,70.961,0,0,87.16,87.16
2022-03-08,46.877,0,0,70.961,70.961
2022-03-09,60.021,0,0,46.877,46.877
2022-03-10,50.022,0,0,60.021,60.021
2022-03-11,69.796,0,0,50.022,50.022
2022-03-12,61.052,0,0,69.796,69.796
2022-03-13,40.803,0,0,61.052,61.052
2022-03-14,69.106,0,0,40.803,40.803
2022-03-15,42.675,0,0,69.106,69.106
2022-03-16,45.217,0,0,42.675,42.675
2022-03-17,42.358,0,0,45.217,45.217
2022-03-18,46.54,0,0,42.358,42.358
2022-03-19,51.24,0,0,46.54,46.54
2022-03-20,38.939,0,0,51.24,51.24
2022-03-21,57.434,0,0,38.939,38.939
2022-03-22,54.543,0,0,57.434,57.434
2022-03-23,40.678,0,0,54.543,54.543
2022-03-24,42.46,0,0,40.678,40.678
2022-03-25,46.162,0,0,42.46,42.46
2022-03-26,63.441,0,0,46.162,46.162
2022-03-27,53.294,0,0,63.441,63.441
2022-03-28,69.095,0,0,53.294,53.294
2022-03-29,73.054,0,0,69.095,69.095
2022-03-30,73.595,0,0,73.054,73.054
2022-03-31,106.368,0,0,73.595,73.595
2022-04-01,106.512,0,0,106.368,106.368
2022-04-02,63.924,1,0,106.512,106.512
2022-04-03,60.92,0,0,63.924,63.924
2022-04-04,86.768,0,0,60.92,60.92
2022-04-05,76.723,0,0,86.768,86.768
2022-04-06,115.772,1,0,76.723,76.723
2022-04-07,121.885,0,0,115.772,115.772
2022-04-08,92.878,0,0,121.885,121.885
2022-04-09,87.983,0,0,92.878,92.878
2022-04-10,64.242,0,0,87.983,87.983
2022-04-11,60.192,0,0,64.242,64.242
2022-04-12,56.075,0,0,60.192,60.192
2022-04-13,48.614,0,0,56.075,56.075
2022-04-14,45.649,0,0,48.614,48.614
2022-04-15,49.389,0,0,45.649,45.649
2022-04-16,59.3,0,0,49.389,49.389
2022-04-17,59.023,0,0,59.3,59.3
2022-04-18,80.893,0,0,59.023,59.023
2022-04-19,90.805,0,0,80.893,80.893
2022-04-20,99.673,0,0,90.805,90.805
2022-04-21,205.8,1,0,99.673,99.673
2022-04-22,208.733,0,0,205.8,205.8
2022-04-23,103.068,1,0,208.733,208.733
2022-04-24,95.443,0,0,103.068,103.068
2022-04-25,75.787,0,0,95.443,95.443
2022-04-26,85.508,0,0,75.787,75.787
2022-04-27,60.981,0,0,85.508,85.508
2022-04-28,85.111,0,0,60.981,60.981
2022-04-29,60.2,0,0,85.111,85.111
2022-04-30,56.359,0,0,60.2,60.2
2022-05-01,55.734,0,0,56.359,56.359
2022-05-02,49.862,0,0,55.734,55.734
2022-05-03,40.876,0,0,49.862,49.862
2022-05-04,54.639,0,0,40.876,40.876
2022-05-05,68.093,0,0,54.639,54.639
2022-05-06,118.089,1,0,68.093,68.093
2022-05-07,134.012,0,1,118.089,79.05431086412783
2022-05-08,80.546,1,0,134.012,134.012
2022-05-09,68.633,0,0,80.546,80.546
2022-05-10,76.223,0,0,68.633,68.633
2022-05-11,91.004,0,0,76.223,76.223
2022-05-12,72.189,0,0,91.004,91.004
2022-05-13,72.734,0,0,72.189,72.189
2022-05-14,77.133,0,0,72.734,72.734
2022-05-15,105.813,0,0,77.133,77.133
2022-05-16,72.04,1,0,105.813,105.813
2022-05-17,85.459,0,0,72.04,72.04
2022-05-18,79.428,0,0,85.459,85.459
2022-05-19,67.762,0,0,79.428,79.428
2022-05-20,59.505,0,0,67.762,67.762
2022-05-21,56.306,0,0,59.505,59.505
2022-05-22,59.46,0,0,56.306,56.306
2022-05-23,53.026,0,0,59.46,59.46
2022-05-24,53.228,0,0,53.026,53.026
2022-05-25,52.066,0,0,53.228,53.228
2022-05-26,47.948,0,0,52.066,52.066
2022-05-27,43.82,0,0,47.948,47.948
2022-05-28,46.887,0,0,43.82,43.82
2022-05-29,72.009,0,0,46.887,46.887
2022-05-30,70.564,0,0,72.009,72.009
2022-05-31,62.287,0,0,70.564,70.564
2022-06-01,97.735,1,0,62.287,62.287
2022-06-02,110.186,0,0,97.735,97.735
2022-06-03,57.091,1,0,110.186,110.186
2022-06-04,81.982,0,0,57.091,57.091
2022-06-05,73.948,0,0,81.982,81.982
2022-06-06,95.304,0,0,73.948,73.948
2022-06-07,79.086,0,0,95.304,95.304
2022-06-08,72.919,0,0,79.086,79.086
2022-06-09,80.619,0,0,72.919,72.919
2022-06-10,75.828,0,0,80.619,80.619
2022-06-11,87.009,0,0,75.828,75.828
2022-06-12,74.028,0,0,87.009,87.009
2022-06-13,86.287,0,0,74.028,74.028
2022-06-14,90.231,0,0,86.287,86.287
2022-06-15,81.949,0,0,90.231,90.231
2022-06-16,83.792,0,0,81.949,81.949
2022-06-17,72.812,0,0,83.792,83.792
2022-06-18,97.498,0,0,72.812,72.812
2022-06-19,86.402,0,0,97.498,97.498
2022-06-20,78.611,0,0,86.402,86.402
2022-06-21,78.185,0,0,78.611,78.611
2022-06-22,78.194,0,0,78.185,78.185
2022-06-23,59.222,0,0,78.194,78.194
2022-06-24,60.336,0,0,59.222,59.222
2022-06-25,143.558,1,0,60.336,60.336
2022-06-26,128.342,0,0,143.558,143.558
2022-06-27,135.55,0,0,128.342,128.342
2022-06-28,173.183,1,0,135.55,135.55
2022-06-29,144.372,0,1,173.183,137.31508200630557
2022-06-30,125.399,0,1,144.372,113.41035215060508
2022-07-01,125.654,0,0,125.399,125.399
2022-07-02,90.533,1,0,125.654,125.654
2022-07-03,81.897,0,0,90.533,90.533
2022-07-04,72.909,0,0,81.897,81.897
2022-07-05,68.375,0,0,72.909,72.909
2022-07-06,57.73,0,0,68.375,68.375
2022-07-07,56.193,0,0,57.73,57.73
2022-07-08,54.321,0,0,56.193,56.193
2022-07-09,56.997,0,0,54.321,54.321
2022-07-10,88.754,0,0,56.997,56.997
2022-07-11,65.927,0,0,88.754,88.754
2022-07-12,68.358,0,0,65.927,65.927
2022-07-13,57.879,0,0,68.358,68.358
2022-07-14,51.756,0,0,57.879,57.879
2022-07-15,52.758,0,0,51.756,51.756
2022-07-16,52.708,0,0,52.758,52.758
2022-07-17,46.958,0,0,52.708,52.708
2022-07-18,41.686,0,0,46.958,46.958
2022-07-19,37.935,0,0,41.686,41.686
2022-07-20,38.762,0,0,37.935,37.935
2022-07-21,45.021,0,0,38.762,38.762
2022-07-22,50.012,0,0,45.021,45.021
2022-07-23,72.344,0,0,50.012,50.012
2022-07-24,93.195,0,0,72.344,72.344
2022-07-25,111.968,0,0,93.195,93.195
2022-07-26,88.373,0,0,111.968,111.968
2022-07-27,166.104,1,0,88.373,88.373
2022-07-28,210.252,1,1,166.104,120.8236853762251
2022-07-29,106.864,1,1,210.252,153.69152362257296
2022-07-30,77.325,0,0,106.864,106.864
2022-07-31,118.466,1,0,77.325,77.325
2022-08-01,136.28,0,0,118.466,118.466
2022-08-02,120.751,0,0,136.28,136.28
2022-08-03,92.668,0,0,120.751,120.751
2022-08-04,112.261,0,0,92.668,92.668
2022-08-05,144.49,0,0,112.261,112.261
2022-08-06,118.348,0,0,144.49,144.49
2022-08-07,79.43,1,0,118.348,118.348
2022-08-08,75.338,0,0,79.43,79.43
2022-08-09,62.628,0,0,75.338,75.338
2022-08-10,57.669,0,0,62.628,62.628
2022-08-11,56.031,0,0,57.669,57.669
2022-08-12,57.653,0,0,56.031,56.031
2022-08-13,57.936,0,0,57.653,57.653
2022-08-14,114.931,1,0,57.936,57.936
2022-08-15,87.914,0,0,114.931,114.931
2022-08-16,59.331,0,0,87.914,87.914
2022-08-17,57.741,0,0,59.331,59.331
2022-08-18,53.94,0,0,57.741,57.741
2022-08-19,103.943,1,0,53.94,53.94
2022-08-20,59.795,1,0,103.943,103.943
2022-08-21,103.995,1,0,59.795,59.795
2022-08-22,77.497,0,0,103.995,103.995
2022-08-23,55.514,0,0,77.497,77.497
2022-08-24,50.083,0,0,55.514,55.514
2022-08-25,42.833,0,0,50.083,50.083
2022-08-26,45.509,0,0,42.833,42.833
2022-08-27,68.599,0,0,45.509,45.509
2022-08-28,90.443,0,0,68.599,68.599
2022-08-29,44.012,1,0,90.443,90.443
2022-08-30,62.703,0,0,44.012,44.012
2022-08-31,55.326,0,0,62.703,62.703
2022-09-01,58.36,0,0,55.326,55.326
2022-09-02,68.77,0,0,58.36,58.36
2022-09-03,63.134,0,0,68.77,68.77
2022-09-04,52.642,0,0,63.134,63.134
2022-09-05,54.691,0,0,52.642,52.642
2022-09-06,47.701,0,0,54.691,54.691
2022-09-07,54.694,0,0,47.701,47.701
2022-09-08,81.617,0,0,54.694,54.694
2022-09-09,60.564,0,0,81.617,81.617
2022-09-10,51.675,0,0,60.564,60.564
2022-09-11,69.725,0,0,51.675,51.675
2022-09-12,72.498,0,0,69.725,69.725
2022-09-13,103.402,0,0,72.498,72.498
2022-09-14,71.219,0,0,103.402,103.402
2022-09-15,134.754,1,0,71.219,71.219
2022-09-16,108.026,0,0,134.754,134.754
2022-09-17,104.212,0,0,108.026,108.026
2022-09-18,111.181,0,0,104.212,104.212
2022-09-19,78.871,0,0,111.181,111.181
2022-09-20,98.178,0,0,78.871,78.871
2022-09-21,90.279,0,0,98.178,98.178
2022-09-22,95.98,0,0,90.279,90.279
2022-09-23,107.186,0,0,95.98,95.98
2022-09-24,106.258,0,0,107.186,107.186
2022-09-25,81.461,0,0,106.258,106.258
2022-09-26,70.575,0,0,81.461,81.461
2022-09-27,83.83,0,0,70.575,70.575
2022-09-28,93.297,0,0,83.83,83.83
2022-09-29,76.335,0,0,93.297,93.297
2022-09-30,72.235,0,0,76.335,76.335
2022-10-01,56.885,0,0,72.235,72.235
2022-10-02,53.881,0,0,56.885,56.885
2022-10-03,55.099,0,0,53.881,53.881
2022-10-04,83.723,0,0,55.099,55.099
2022-10-05,74.897,0,0,83.723,83.723
2022-10-06,82.379,0,0,74.897,74.897
2022-10-07,139.533,1,0,82.379,82.379
2022-10-08,102.356,1,1,139.533,86.2833745882061
2022-10-09,24.182,1,0,102.356,102.356
2022-10-10,21.444,0,0,24.182,24.182
2022-10-11,19.703,0,0,21.444,21.444
2022-10-12,21.252,0,0,19.703,19.703
2022-10-13,27.429,0,0,21.252,21.252
2022-10-14,19.626,0,0,27.429,27.429
2022-10-15,19.625,0,0,19.626,19.626
2022-10-16,19.979,0,0,19.625,19.625
2022-10-17,25.755,0,0,19.979,19.979
2022-10-18,33.109,0,0,25.755,25.755
2022-10-19,39.868,0,0,33.109,33.109
2022-10-20,26.177,0,0,39.868,39.868
2022-10-21,24.458,0,0,26.177,26.177
2022-10-22,47.961,0,0,24.458,24.458
2022-10-23,40.946,0,0,47.961,47.961
2022-10-24,36.137,0,0,40.946,40.946
2022-10-25,27.225,0,0,36.137,36.137
2022-10-26,35.35,0,0,27.225,27.225
2022-10-27,70.677,1,0,35.35,35.35
2022-10-28,85.151,0,0,70.677,70.677
2022-10-29,52.757,0,0,85.151,85.151
2022-10-30,35.322,0,0,52.757,52.757
2022-10-31,29.155,0,0,35.322,35.322
2022-11-01,24.983,0,0,29.155,29.155
2022-11-02,28.013,0,0,24.983,24.983
2022-11-03,28.536,0,0,28.013,28.013
2022-11-04,27.686,0,0,28.536,28.536
2022-11-05,29.419,0,0,27.686,27.686
2022-11-06,33.2,0,0,29.419,29.419
2022-11-07,34.951,0,0,33.2,33.2
2022-11-08,56.056,0,0,34.951,34.951
2022-11-09,83.951,0,0,56.056,56.056
2022-11-10,49.727,1,0,83.951,83.951
2022-11-11,43.26,0,0,49.727,49.727
2022-11-12,53.333,0,0,43.26,43.26
2022-11-13,43.607,0,0,53.333,53.333
2022-11-14,42.473,0,0,43.607,43.607
2022-11-15,37.073,0,0,42.473,42.473
2022-11-16,29.947,0,0,37.073,37.073
2022-11-17,30.099,0,0,29.947,29.947
2022-11-18,31.949,0,0,30.099,30.099
2022-11-19,29.138,0,0,31.949,31.949
2022-11-20,29.927,0,0,29.138,29.138
2022-11-21,34.228,0,0,29.927,29.927
2022-11-22,36.633,0,0,34.228,34.228
2022-11-23,43.58,0,0,36.633,36.633
2022-11-24,31.976,0,0,43.58,43.58
2022-11-25,28.605,0,0,31.976,31.976
2022-11-26,27.591,0,0,28.605,28.605
2022-11-27,48.542,0,0,27.591,27.591
2022-11-28,38.991,0,0,48.542,48.542
2022-11-29,33.641,0,0,38.991,38.991
2022-11-30,26.195,0,0,33.641,33.641
2022-12-01,23.52,0,0,26.195,26.195
2022-12-02,21.269,0,0,23.52,23.52
2022-12-03,20.616,0,0,21.269,21.269
2022-12-04,24.612,0,0,20.616,20.616
2022-12-05,25.544,0,0,24.612,24.612
2022-12-06,18.696,0,0,25.544,25.544
2022-12-07,19.801,0,0,18.696,18.696
2022-12-08,22.511,0,0,19.801,19.801
2022-12-09,21.977,0,0,22.511,22.511
2022-12-10,19.055,0,0,21.977,21.977
2022-12-11,19.406,0,0,19.055,19.055
2022-12-12,20.969,0,0,19.406,19.406
2022-12-13,18.548,0,0,20.969,20.969
2022-12-14,17.451,0,0,18.548,18.548
2022-12-15,16.149,0,0,17.451,17.451
2022-12-16,15.25,0,0,16.149,16.149
2022-12-17,15.175,0,0,15.25,15.25
2022-12-18,15.977,0,0,15.175,15.175
2022-12-19,15.366,0,0,15.977,15.977
2022-12-20,14.888,0,0,15.366,15.366
2022-12-21,14.405,0,0,14.888,14.888
2022-12-22,14.097,0,0,14.405,14.405
2022-12-23,20.534,0,0,14.097,14.097
2022-12-24,13.733,0,0,20.534,20.534
2022-12-25,13.848,0,0,13.733,13.733
2022-12-26,17.387,0,0,13.848,13.848
2022-12-27,14.214,0,0,17.387,17.387
2022-12-28,14.238,0,0,14.214,14.214
2022-12-29,13.332,0,0,14.238,14.238
2022-12-30,13.724,0,0,13.332,13.332
2022-12-31,13.886,0,0,13.724,13.724
2023-01-01,14.427,0,0,13.886,13.886
2023-01-02,13.961,0,0,14.427,14.427
2023-01-03,23.023,0,0,13.961,13.961
2023-01-04,15.263,0,0,23.023,23.023
2023-01-05,17.59,0,0,15.263,15.263
2023-01-06,17.356,0,0,17.59,17.59
2023-01-07,20.283,0,0,17.356,17.356
2023-01-08,18.423,0,0,20.283,20.283
2023-01-09,26.227,0,0,18.423,18.423
2023-01-10,18.729,0,0,26.227,26.227
2023-01-11,16.512,0,0,18.729,18.729
2023-01-12,16.938,0,0,16.512,16.512
2023-01-13,16.177,0,0,16.938,16.938
2023-01-14,16.006,0,0,16.177,16.177
2023-01-15,14.119,0,0,16.006,16.006
2023-01-16,15.308,0,0,14.119,14.119
2023-01-17,15.012,0,0,15.308,15.308
2023-01-18,14.698,0,0,15.012,15.012
2023-01-19,13.132,0,0,14.698,14.698
2023-01-20,13.643,0,0,13.132,13.132
2023-01-21,13.032,0,0,13.643,13.643
2023-01-22,12.638,0,0,13.032,13.032
2023-01-23,12.189,0,0,12.638,12.638
2023-01-24,12.344,0,0,12.189,12.189
2023-01-25,12.049,0,0,12.344,12.344
2023-01-26,11.889,0,0,12.049,12.049
2023-01-27,11.588,0,0,11.889,11.889
2023-01-28,11.494,0,0,11.588,11.588
2023-01-29,11.468,0,0,11.494,11.494
2023-01-30,11.188,0,0,11.468,11.468
2023-01-31,10.95,0,0,11.188,11.188
2023-02-01,10.853,0,0,10.95,10.95
2023-02-02,10.769,0,0,10.853,10.853
2023-02-03,10.654,0,0,10.769,10.769
2023-02-04,10.705,0,0,10.654,10.654
2023-02-05,10.545,0,0,10.705,10.705
2023-02-06,10.499,0,0,10.545,10.545
2023-02-07,10.206,0,0,10.499,10.499
2023-02-08,10.298,0,0,10.206,10.206
2023-02-09,10.308,0,0,10.298,10.298
2023-02-10,10.375,0,0,10.308,10.308
2023-02-11,10.851,0,0,10.375,10.375
2023-02-12,11.658,0,0,10.851,10.851
2023-02-13,10.566,0,0,11.658,11.658
2023-02-14,13.319,0,0,10.566,10.566
2023-02-15,11.859,0,0,13.319,13.319
2023-02-16,12.106,0,0,11.859,11.859
2023-02-17,10.571,0,0,12.106,12.106
2023-02-18,10.087,0,0,10.571,10.571
2023-02-19,11.282,0,0,10.087,10.087
2023-02-20,10.307,0,0,11.282,11.282
2023-02-21,10.483,0,0,10.307,10.307
2023-02-22,9.715,0,0,10.483,10.483
2023-02-23,9.417,0,0,9.715,9.715
2023-02-24,9.2,0,0,9.417,9.417
2023-02-25,9.244,0,0,9.2,9.2
2023-02-26,9.603,0,0,9.244,9.244
2023-02-27,9.664,0,0,9.603,9.603
2023-02-28,10.099,0,0,9.664,9.664
2023-03-01,9.077,0,0,10.099,10.099
2023-03-02,13.241,0,0,9.077,9.077
2023-03-03,10.549,0,0,13.241,13.241
2023-03-04,12.488,0,0,10.549,10.549
2023-03-05,24.111,0,0,12.488,12.488
2023-03-06,14.639,0,0,24.111,24.111
2023-03-07,21.974,0,0,14.639,14.639
2023-03-08,23.751,0,0,21.974,21.974
2023-03-09,14.543,0,0,23.751,23.751
2023-03-10,19.661,0,0,14.543,14.543
2023-03-11,21.237,0,0,19.661,19.661
2023-03-12,41.085,0,0,21.237,21.237
2023-03-13,26.68,0,0,41.085,41.085
2023-03-14,28.331,0,0,26.68,26.68
2023-03-15,23.557,0,0,28.331,28.331
2023-03-16,27.946,0,0,23.557,23.557
2023-03-17,27.665,0,0,27.946,27.946
2023-03-18,21.928,0,0,27.665,27.665
2023-03-19,16.89,0,0,21.928,21.928
2023-03-20,15.16,0,0,16.89,16.89
2023-03-21,13.524,0,0,15.16,15.16
2023-03-22,14.057,0,0,13.524,13.524
2023-03-23,13.983,0,0,14.057,14.057
2023-03-24,19.674,0,0,13.983,13.983
2023-03-25,13.63,0,0,19.674,19.674
2023-03-26,14.97,0,0,13.63,13.63
2023-03-27,15.394,0,0,14.97,14.97
2023-03-28,15.283,0,0,15.394,15.394
2023-03-29,15.771,0,0,15.283,15.283
2023-03-30,14.033,0,0,15.771,15.771
2023-03-31,12.901,0,0,14.033,14.033
2023-04-01,16.28,0,0,12.901,12.901
2023-04-02,12.684,0,0,16.28,16.28
2023-04-03,12.213,0,0,12.684,12.684
2023-04-04,12.115,0,0,12.213,12.213
2023-04-05,11.81,0,0,12.115,12.115
2023-04-06,13.579,0,0,11.81,11.81
2023-04-07,18.589,0,0,13.579,13.579
2023-04-08,12.256,0,0,18.589,18.589
2023-04-09,12.017,0,0,12.256,12.256
2023-04-10,12.591,0,0,12.017,12.017
2023-04-11,12.143,0,0,12.591,12.591
2023-04-12,10.962,0,0,12.143,12.143
2023-04-13,10.867,0,0,10.962,10.962
2023-04-14,11.104,0,0,10.867,10.867
2023-04-15,15.742,0,0,11.104,11.104
2023-04-16,19.81,0,0,15.742,15.742
2023-04-17,25.787,0,0,19.81,19.81
2023-04-18,18.819,0,0,25.787,25.787
2023-04-19,21.444,0,0,18.819,18.819
2023-04-20,21.633,0,0,21.444,21.444
2023-04-21,22.405,0,0,21.633,21.633
2023-04-22,18.186,0,0,22.405,22.405
2023-04-23,22.192,0,0,18.186,18.186
2023-04-24,19.984,0,0,22.192,22.192
2023-04-25,18.288,0,0,19.984,19.984
2023-04-26,17.147,0,0,18.288,18.288
2023-04-27,23.37,0,0,17.147,17.147
2023-04-28,19.769,0,0,23.37,23.37
2023-04-29,19.687,0,0,19.769,19.769
2023-04-30,16.982,0,0,19.687,19.687
2023-05-01,14.229,0,0,16.982,16.982
2023-05-02,13.364,0,0,14.229,14.229
2023-05-03,12.715,0,0,13.364,13.364
2023-05-04,11.992,0,0,12.715,12.715
2023-05-05,11.77,0,0,11.992,11.992
2023-05-06,11.342,0,0,11.77,11.77
2023-05-07,11.704,0,0,11.342,11.342
2023-05-08,11.759,0,0,11.704,11.704
2023-05-09,11.67,0,0,11.759,11.759
2023-05-10,12.225,0,0,11.67,11.67
2023-05-11,11.43,0,0,12.225,12.225
2023-05-12,12.637,0,0,11.43,11.43
2023-05-13,11.598,0,0,12.637,12.637
2023-05-14,11.118,0,0,11.598,11.598
2023-05-15,11.414,0,0,11.118,11.118
2023-05-16,28.14,0,0,11.414,11.414
2023-05-17,16.312,0,0,28.14,28.14
2023-05-18,12.379,0,0,16.312,16.312
2023-05-19,15.256,0,0,12.379,12.379
2023-05-20,17.14,0,0,15.256,15.256
2023-05-21,17.562,0,0,17.14,17.14
2023-05-22,34.759,0,0,17.562,17.562
2023-05-23,38.087,0,0,34.759,34.759
2023-05-24,32.575,0,0,38.087,38.087
2023-05-25,41.709,0,0,32.575,32.575
2023-05-26,29.944,0,0,41.709,41.709
2023-05-27,50.882,0,0,29.944,29.944
2023-05-28,43.556,0,0,50.882,50.882
2023-05-29,44.178,0,0,43.556,43.556
2023-05-30,40.837,0,0,44.178,44.178
2023-05-31,34.307,0,0,40.837,40.837
2023-06-01,28.239,0,0,34.307,34.307
2023-06-02,23.591,0,0,28.239,28.239
2023-06-03,20.802,0,0,23.591,23.591
2023-06-04,19.481,0,0,20.802,20.802
2023-06-05,26.23,0,0,19.481,19.481
2023-06-06,20.703,0,0,26.23,26.23
2023-06-07,18.757,0,0,20.703,20.703
2023-06-08,34.942,0,0,18.757,18.757
2023-06-09,18.615,0,0,34.942,34.942
2023-06-10,24.063,0,0,18.615,18.615
2023-06-11,17.923,0,0,24.063,24.063
2023-06-12,15.143,0,0,17.923,17.923
2023-06-13,14.275,0,0,15.143,15.143
2023-06-14,13.792,0,0,14.275,14.275
2023-06-15,13.401,0,0,13.792,13.792
2023-06-16,13.382,0,0,13.401,13.401
2023-06-17,13.181,0,0,13.382,13.382
2023-06-18,12.84,0,0,13.181,13.181
2023-06-19,12.622,0,0,12.84,12.84
2023-06-20,12.274,0,0,12.622,12.622
2023-06-21,12.282,0,0,12.274,12.274
2023-06-22,16.714,0,0,12.282,12.282
2023-06-23,14.505,0,0,16.714,16.714
2023-06-24,23.93,0,0,14.505,14.505
2023-06-25,28.306,0,0,23.93,23.93
2023-06-26,17.902,0,1,28.306,78.05795208796215
2023-06-27,18.108,0,0,17.902,17.902
2023-06-28,15.452,0,0,18.108,18.108
2023-06-29,14.283,0,0,15.452,15.452
2023-06-30,14.142,0,0,14.283,14.283
2023-07-01,14.678,0,0,14.142,14.142
2023-07-02,16.166,0,0,14.678,14.678
2023-07-03,21.22,0,0,16.166,16.166
2023-07-04,16.961,0,0,21.22,21.22
2023-07-05,18.485,0,0,16.961,16.961
2023-07-06,27.944,0,0,18.485,18.485
2023-07-07,34.731,0,0,27.944,27.944
2023-07-08,26.663,0,0,34.731,34.731
2023-07-09,23.917,0,0,26.663,26.663
2023-07-10,16.638,0,0,23.917,23.917
2023-07-11,15.68,0,0,16.638,16.638
2023-07-12,15.01,0,0,15.68,15.68
2023-07-13,15.836,0,0,15.01,15.01
2023-07-14,14.429,0,0,15.836,15.836
2023-07-15,13.541,0,0,14.429,14.429
2023-07-16,33.072,0,0,13.541,13.541
2023-07-17,18.204,0,0,33.072,33.072
2023-07-18,15.236,0,0,18.204,18.204
2023-07-19,14.625,0,0,15.236,15.236
2023-07-20,12.604,0,0,14.625,14.625
2023-07-21,12.93,0,0,12.604,12.604
2023-07-22,12.285,0,0,12.93,12.93
2023-07-23,11.951,0,0,12.285,12.285
2023-07-24,11.496,0,0,11.951,11.951
2023-07-25,13.068,0,0,11.496,11.496
2023-07-26,12.286,0,0,13.068,13.068
2023-07-27,15.32,0,0,12.286,12.286
2023-07-28,13.816,0,0,15.32,15.32
2023-07-29,11.946,0,0,13.816,13.816
2023-07-30,10.806,0,0,11.946,11.946
2023-07-31,10.34,0,0,10.806,10.806
2023-08-01,10.316,0,0,10.34,10.34
2023-08-02,10.187,0,0,10.316,10.316
2023-08-03,9.877,0,0,10.187,10.187
2023-08-04,9.532,0,0,9.877,9.877
2023-08-05,9.591,0,0,9.532,9.532
2023-08-06,9.325,0,0,9.591,9.591
2023-08-07,9.48,0,0,9.325,9.325
2023-08-08,9.298,0,0,9.48,9.48
2023-08-09,8.938,0,0,9.298,9.298
2023-08-10,12.11,0,0,8.938,8.938
2023-08-11,10.509,0,0,12.11,12.11
2023-08-12,12.087,0,0,10.509,10.509
2023-08-13,10.333,0,0,12.087,12.087
2023-08-14,12.461,0,0,10.333,10.333
2023-08-15,10.637,0,0,12.461,12.461
2023-08-16,10.151,0,0,10.637,10.637
2023-08-17,13.634,0,0,10.151,10.151
2023-08-18,12.148,0,0,13.634,13.634
2023-08-19,43.156,0,0,12.148,12.148
2023-08-20,54.118,0,0,43.156,43.156
2023-08-21,90.167,1,0,54.118,54.118
2023-08-22,88.519,0,1,90.167,46.31401050442419
2023-08-23,57.053,0,0,88.519,88.519
2023-08-24,51.173,0,0,57.053,57.053
2023-08-25,42.926,0,0,51.173,51.173
2023-08-26,40.475,0,0,42.926,42.926
2023-08-27,39.386,0,0,40.475,40.475
2023-08-28,32.565,0,0,39.386,39.386
2023-08-29,28.913,0,0,32.565,32.565
2023-08-30,26.057,0,0,28.913,28.913
2023-08-31,9.801,0,0,26.057,26.057
2023-09-01,10.446,0,0,9.801,9.801
2023-09-02,10.564,0,0,10.446,10.446
2023-09-03,17.857,0,0,10.564,10.564
2023-09-04,11.252,0,0,17.857,17.857
2023-09-05,9.749,0,0,11.252,11.252
2023-09-06,9.084,0,0,9.749,9.749
2023-09-07,8.714,0,0,9.084,9.084
2023-09-08,8.763,0,0,8.714,8.714
2023-09-09,10.706,0,0,8.763,8.763
2023-09-10,20.856,0,0,10.706,10.706
2023-09-11,12.27,0,0,20.856,20.856
2023-09-12,11.914,0,0,12.27,12.27
2023-09-13,13.507,0,0,11.914,11.914
2023-09-14,10.884,0,0,13.507,13.507
2023-09-15,9.837,0,0,10.884,10.884
2023-09-16,11.778,0,0,9.837,9.837
2023-09-17,10.314,0,0,11.778,11.778
2023-09-18,9.384,0,0,10.314,10.314
2023-09-19,8.987,0,0,9.384,9.384
2023-09-20,8.591,0,0,8.987,8.987
2023-09-21,9.218,0,0,8.591,8.591
2023-09-22,11.591,0,0,9.218,9.218
2023-09-23,9.036,0,0,11.591,11.591
2023-09-24,9.024,0,0,9.036,9.036
2023-09-25,9.274,0,0,9.024,9.024
2023-09-26,8.659,0,0,9.274,9.274
2023-09-27,8.258,0,0,8.659,8.659
2023-09-28,8.951,0,0,8.258,8.258
2023-09-29,9.031,0,0,8.951,8.951
2023-09-30,12.841,0,0,9.031,9.031
2023-10-01,10.51,0,0,12.841,12.841
2023-10-02,10.516,0,0,10.51,10.51
2023-10-03,13.917,0,0,10.516,10.516
2023-10-04,17.833,0,0,13.917,13.917
2023-10-05,14.43,0,0,17.833,17.833
2023-10-06,17.252,0,0,14.43,14.43
2023-10-07,33.019,0,0,17.252,17.252
2023-10-08,15.803,0,0,33.019,33.019
2023-10-09,12.31,0,0,15.803,15.803
2023-10-10,11.252,0,0,12.31,12.31
2023-10-11,10.494,0,0,11.252,11.252
2023-10-12,12.113,0,0,10.494,10.494
2023-10-13,12.711,0,0,12.113,12.113
2023-10-14,10.905,0,0,12.711,12.711
2023-10-15,10.627,0,0,10.905,10.905
2023-10-16,9.883,0,0,10.627,10.627
2023-10-17,9.529,0,0,9.883,9.883
2023-10-18,10.057,0,0,9.529,9.529
2023-10-19,9.295,0,0,10.057,10.057
2023-10-20,10.267,0,0,9.295,9.295
2023-10-21,11.094,0,0,10.267,10.267
2023-10-22,11.721,0,0,11.094,11.094
2023-10-23,19.312,0,0,11.721,11.721
2023-10-24,13.927,0,0,19.312,19.312
2023-10-25,15.753,0,0,13.927,13.927
2023-10-26,16.912,0,0,15.753,15.753
2023-10-27,12.01,0,0,16.912,16.912
2023-10-28,14.034,0,0,12.01,12.01
2023-10-29,27.375,0,0,14.034,14.034
2023-10-30,26.618,0,0,27.375,27.375
2023-10-31,42.561,0,0,26.618,26.618
2023-11-01,39.564,0,0,42.561,42.561
2023-11-02,29.029,0,0,39.564,39.564
2023-11-03,23.239,0,0,29.029,29.029
2023-11-04,20.162,0,0,23.239,23.239
2023-11-05,18.717,0,0,20.162,20.162
2023-11-06,18.466,0,0,18.717,18.717
2023-11-07,15.715,0,0,18.466,18.466
2023-11-08,14.23,0,0,15.715,15.715
2023-11-09,13.266,0,0,14.23,14.23
2023-11-10,12.786,0,0,13.266,13.266
2023-11-11,12.899,0,0,12.786,12.786
2023-11-12,11.993,0,0,12.899,12.899
2023-11-13,11.501,0,0,11.993,11.993
2023-11-14,14.398,0,0,11.501,11.501
2023-11-15,17.04,0,0,14.398,14.398
2023-11-16,14.523,0,0,17.04,17.04
2023-11-17,27.531,0,0,14.523,14.523
2023-11-18,23.806,0,0,27.531,27.531
2023-11-19,24.283,0,0,23.806,23.806
2023-11-20,17.846,0,0,24.283,24.283
2023-11-21,14.955,0,0,17.846,17.846
2023-11-22,13.349,0,0,14.955,14.955
2023-11-23,13.023,0,0,13.349,13.349
2023-11-24,14.621,0,0,13.023,13.023
2023-11-25,13.015,0,0,14.621,14.621
2023-11-26,12.215,0,0,13.015,13.015
2023-11-27,11.112,0,0,12.215,12.215
2023-11-28,10.725,0,0,11.112,11.112
2023-11-29,10.65,0,0,10.725,10.725
2023-11-30,10.673,0,0,10.65,10.65
2023-12-01,10.338,0,0,10.673,10.673
2023-12-02,10.569,0,0,10.338,10.338
2023-12-03,10.185,0,0,10.569,10.569
2023-12-04,9.989,0,0,10.185,10.185
2023-12-05,9.637,0,0,9.989,9.989
2023-12-06,9.789,0,0,9.637,9.637
2023-12-07,10.178,0,0,9.789,9.789
2023-12-08,9.489,0,0,10.178,10.178
2023-12-09,9.246,0,0,9.489,9.489
2023-12-10,9.165,0,0,9.246,9.246
2023-12-11,11.63,0,0,9.165,9.165
2023-12-12,8.788,0,0,11.63,11.63
2023-12-13,8.712,0,0,8.788,8.788
2023-12-14,10.259,0,0,8.712,8.712
2023-12-15,11.108,0,0,10.259,10.259
2023-12-16,18.247,0,0,11.108,11.108
2023-12-17,11.279,0,0,18.247,18.247
2023-12-18,11.533,0,0,11.279,11.279
2023-12-19,9.367,0,0,11.533,11.533
2023-12-20,8.831,0,0,9.367,9.367
2023-12-21,8.96,0,0,8.831,8.831
2023-12-22,8.618,0,0,8.96,8.96
2023-12-23,8.57,0,0,8.618,8.618
2023-12-24,8.558,0,0,8.57,8.57
2023-12-25,10.918,0,0,8.558,8.558
2023-12-26,8.885,0,0,10.918,10.918
2023-12-27,9.042,0,0,8.885,8.885
2023-12-28,13.868,0,0,9.042,9.042
2023-12-29,10.629,0,0,13.868,13.868
2023-12-30,9.214,0,0,10.629,10.629
2023-12-31,9.593,0,0,9.214,9.214
2024-01-01,8.709,0,0,9.593,9.593
2024-01-02,8.924,0,0,8.709,8.709
2024-01-03,8.38,0,0,8.924,8.924
2024-01-04,8.034,0,0,8.38,8.38
2024-01-05,8.071,0,0,8.034,8.034
2024-01-06,7.747,0,0,8.071,8.071
2024-01-07,7.925,0,0,7.747,7.747
2024-01-08,7.903,0,0,7.925,7.925
2024-01-09,8.852,0,0,7.903,7.903
2024-01-10,8.026,0,0,8.852,8.852
2024-01-11,8.028,0,0,8.026,8.026
2024-01-12,7.688,0,0,8.028,8.028
2024-01-13,7.503,0,0,7.688,7.688
2024-01-14,7.639,0,0,7.503,7.503
2024-01-15,7.44,0,0,7.639,7.639
2024-01-16,7.216,0,0,7.44,7.44
2024-01-17,7.283,0,0,7.216,7.216
2024-01-18,6.999,0,0,7.283,7.283
2024-01-19,7.345,0,0,6.999,6.999
2024-01-20,6.954,0,0,7.345,7.345
2024-01-21,7.242,0,0,6.954,6.954
2024-01-22,6.901,0,0,7.242,7.242
2024-01-23,6.904,0,0,6.901,6.901
2024-01-24,6.662,0,0,6.904,6.904
2024-01-25,6.645,0,0,6.662,6.662
2024-01-26,6.696,0,0,6.645,6.645
2024-01-27,6.514,0,0,6.696,6.696
2024-01-28,6.515,0,0,6.514,6.514
2024-01-29,7.336,0,0,6.515,6.515
2024-01-30,7.275,0,0,7.336,7.336
2024-01-31,7.469,0,0,7.275,7.275
2024-02-01,6.986,0,0,7.469,7.469
2024-02-02,19.077,0,0,6.986,6.986
2024-02-03,14.442,0,0,19.077,19.077
2024-02-04,9.924,0,0,14.442,14.442
2024-02-05,9.38,0,0,9.924,9.924
2024-02-06,8.939,0,0,9.38,9.38
2024-02-07,8.953,0,0,8.939,8.939
2024-02-08,8.574,0,0,8.953,8.953
2024-02-09,7.896,0,0,8.574,8.574
2024-02-10,8.025,0,0,7.896,7.896
2024-02-11,7.651,0,0,8.025,8.025
2024-02-12,7.201,0,0,7.651,7.651
2024-02-13,8.406,0,0,7.201,7.201
2024-02-14,7.899,0,0,8.406,8.406
2024-02-15,7.084,0,0,7.899,7.899
2024-02-16,6.746,0,0,7.084,7.084
2024-02-17,6.761,0,0,6.746,6.746
2024-02-18,6.445,0,0,6.761,6.761
2024-02-19,6.662,0,0,6.445,6.445
2024-02-20,6.606,0,0,6.662,6.662
2024-02-21,7.389,0,0,6.606,6.606
2024-02-22,7.381,0,0,7.389,7.389
2024-02-23,6.65,0,0,7.381,7.381
2024-02-24,6.625,0,0,6.65,6.65
2024-02-25,6.669,0,0,6.625,6.625
2024-02-26,6.898,0,0,6.669,6.669
2024-02-27,6.4,0,0,6.898,6.898
2024-02-28,6.329,0,0,6.4,6.4
2024-02-29,6.004,0,0,6.329,6.329
2024-03-01,6.184,0,0,6.004,6.004
2024-03-02,6.456,0,0,6.184,6.184
2024-03-03,7.422,0,0,6.456,6.456
2024-03-04,6.307,0,0,7.422,7.422
2024-03-05,6.102,0,0,6.307,6.307
2024-03-06,6.034,0,0,6.102,6.102
2024-03-07,6.228,0,0,6.034,6.034
2024-03-08,8.285,0,0,6.228,6.228
2024-03-09,6.703,0,0,8.285,8.285
2024-03-10,7.706,0,0,6.703,6.703
2024-03-11,7.326,0,0,7.706,7.706
2024-03-12,6.667,0,0,7.326,7.326
2024-03-13,6.447,0,0,6.667,6.667
2024-03-14,6.424,0,0,6.447,6.447
2024-03-15,6.084,0,0,6.424,6.424
2024-03-16,6.136,0,0,6.084,6.084
2024-03-17,7.118,0,0,6.136,6.136
2024-03-18,7.035,0,0,7.118,7.118
2024-03-19,6.28,0,0,7.035,7.035
2024-03-20,6.19,0,0,6.28,6.28
2024-03-21,5.987,0,0,6.19,6.19
2024-03-22,5.911,0,0,5.987,5.987
2024-03-23,5.948,0,0,5.911,5.911
2024-03-24,5.646,0,0,5.948,5.948
2024-03-25,6.009,0,0,5.646,5.646
2024-03-26,5.893,0,0,6.009,6.009
2024-03-27,6.485,0,0,5.893,5.893
2024-03-28,5.858,0,0,6.485,6.485
2024-03-29,5.717,0,0,5.858,5.858
2024-03-30,6.718,0,0,5.717,5.717
2024-03-31,7.548,0,0,6.718,6.718
2024-04-01,10.139,0,0,7.548,7.548
2024-04-02,8.051,0,0,10.139,10.139
2024-04-03,10.594,0,0,8.051,8.051
2024-04-04,12.428,0,0,10.594,10.594
2024-04-05,9.843,0,0,12.428,12.428
2024-04-06,7.702,0,0,9.843,9.843
2024-04-07,6.824,0,0,7.702,7.702
2024-04-08,6.735,0,0,6.824,6.824
2024-04-09,6.34,0,0,6.735,6.735
2024-04-10,6.386,0,0,6.34,6.34
2024-04-11,6.098,0,0,6.386,6.386
2024-04-12,6.561,0,0,6.098,6.098
2024-04-13,5.707,0,0,6.561,6.561
2024-04-14,5.955,0,0,5.707,5.707
2024-04-15,5.924,0,0,5.955,5.955
2024-04-16,6.329,0,0,5.924,5.924
2024-04-17,6.061,0,0,6.329,6.329
2024-04-18,6.37,0,0,6.061,6.061
2024-04-19,6.832,0,0,6.37,6.37
2024-04-20,10.514,0,0,6.832,6.832
2024-04-21,14.928,0,0,10.514,10.514
2024-04-22,14.728,0,0,14.928,14.928
2024-04-23,10.034,0,0,14.728,14.728
2024-04-24,10.139,0,0,10.034,10.034
2024-04-25,9.89,0,0,10.139,10.139
2024-04-26,15.581,0,0,9.89,9.89
2024-04-27,15.182,0,0,15.581,15.581
2024-04-28,14.56,0,0,15.182,15.182
2024-04-29,10.179,0,0,14.56,14.56
2024-04-30,10.695,0,0,10.179,10.179
2024-05-01,12.81,0,0,10.695,10.695
2024-05-02,15.02,0,0,12.81,12.81
2024-05-03,29.634,0,0,15.02,15.02
2024-05-04,24.123,0,0,29.634,29.634
2024-05-05,13.932,0,0,24.123,24.123
2024-05-06,11.29,0,0,13.932,13.932
2024-05-07,23.46,0,0,11.29,11.29
2024-05-08,37.286,0,0,23.46,23.46
2024-05-09,35.749,0,0,37.286,37.286
2024-05-10,23.608,0,0,35.749,35.749
2024-05-11,23.892,0,0,23.608,23.608
2024-05-12,19.209,0,0,23.892,23.892
2024-05-13,16.669,0,0,19.209,19.209
2024-05-14,28.182,0,0,16.669,16.669
2024-05-15,32.103,0,0,28.182,28.182
2024-05-16,21.383,0,0,32.103,32.103
2024-05-17,15.538,0,0,21.383,21.383
2024-05-18,15.148,0,0,15.538,15.538
2024-05-19,12.88,0,0,15.148,15.148
2024-05-20,12.612,0,0,12.88,12.88
2024-05-21,13.2,0,0,12.612,12.612
2024-05-22,14.259,0,0,13.2,13.2
2024-05-23,27.894,0,0,14.259,14.259
2024-05-24,17.94,0,0,27.894,27.894
2024-05-25,13.199,0,0,17.94,17.94
2024-05-26,12.919,0,0,13.199,13.199
2024-05-27,19.079,0,0,12.919,12.919
2024-05-28,18.614,0,0,19.079,19.079
2024-05-29,15.661,0,0,18.614,18.614
2024-05-30,28.344,0,0,15.661,15.661
2024-05-31,20.016,0,0,28.344,28.344
2024-06-01,16.073,0,0,20.016,20.016
2024-06-02,20.028,0,0,16.073,16.073
2024-06-03,20.98,0,0,20.028,20.028
2024-06-04,15.881,0,0,20.98,20.98
2024-06-05,13.79,0,0,15.881,15.881
2024-06-06,7.797,0,0,13.79,13.79
2024-06-07,13.518,0,0,7.797,7.797
2024-06-08,21.119,0,0,13.518,13.518
2024-06-09,18.278,0,0,21.119,21.119
2024-06-10,21.835,0,0,18.278,18.278
2024-06-11,15.649,0,0,21.835,21.835
2024-06-12,17.207,0,0,15.649,15.649
2024-06-13,20.537,0,0,17.207,17.207
2024-06-14,41.952,0,0,20.537,20.537
2024-06-15,47.122,0,0,41.952,41.952
2024-06-16,35.084,0,0,47.122,47.122
2024-06-17,25.973,0,0,35.084,35.084
2024-06-18,27.716,0,1,25.973,110.02963521223435
2024-06-19,25.806,0,0,27.716,27.716
2024-06-20,22.914,0,0,25.806,25.806
2024-06-21,23.044,0,0,22.914,22.914
2024-06-22,41.102,0,0,23.044,23.044
2024-06-23,24.676,0,0,41.102,41.102
2024-06-24,23.544,0,0,24.676,24.676
2024-06-25,41.193,0,0,23.544,23.544
2024-06-26,36.362,0,0,41.193,41.193
2024-06-27,41.436,0,0,36.362,36.362
2024-06-28,38.054,0,0,41.436,41.436
2024-06-29,28.979,0,0,38.054,38.054
2024-06-30,33.096,0,0,28.979,28.979
2024-07-01,33.834,0,1,33.096,122.95064638188661
2024-07-02,38.706,0,0,33.834,33.834
2024-07-03,32.432,0,0,38.706,38.706
2024-07-04,33.233,0,0,32.432,32.432
2024-07-05,29.562,0,0,33.233,33.233
2024-07-06,23.875,0,0,29.562,29.562
2024-07-07,20.967,0,0,23.875,23.875
2024-07-08,19.657,0,0,20.967,20.967
2024-07-09,18.161,0,0,19.657,19.657
2024-07-10,17.286,0,0,18.161,18.161
2024-07-11,23.599,0,0,17.286,17.286
2024-07-12,21.557,0,0,23.599,23.599
2024-07-13,16.227,0,0,21.557,21.557
2024-07-14,15.031,0,0,16.227,16.227
2024-07-15,14.505,0,0,15.031,15.031
2024-07-16,13.912,0,0,14.505,14.505
2024-07-17,13.729,0,0,13.912,13.912
2024-07-18,13.111,0,0,13.729,13.729
2024-07-19,13.128,0,0,13.111,13.111
2024-07-20,13.569,0,0,13.128,13.128
2024-07-21,12.971,0,0,13.569,13.569
2024-07-22,12.165,0,0,12.971,12.971
2024-07-23,11.795,0,0,12.165,12.165
2024-07-24,11.351,0,0,11.795,11.795
2024-07-25,10.938,0,0,11.351,11.351
2024-07-26,17.386,0,0,10.938,10.938
2024-07-27,13.732,0,0,17.386,17.386
2024-07-28,11.391,0,0,13.732,13.732
2024-07-29,11.169,0,0,11.391,11.391
2024-07-30,10.957,0,0,11.169,11.169
2024-07-31,10.59,0,0,10.957,10.957
2024-08-01,9.95,0,0,10.59,10.59
2024-08-02,11.781,0,0,9.95,9.95
2024-08-03,10.831,0,0,11.781,11.781
2024-08-04,16.159,0,0,10.831,10.831
2024-08-05,32.29,0,0,16.159,16.159
2024-08-06,25.541,0,0,32.29,32.29
2024-08-07,15.233,0,0,25.541,25.541
2024-08-08,14.778,0,0,15.233,15.233
2024-08-09,15.013,0,0,14.778,14.778
2024-08-10,13.745,0,0,15.013,15.013
2024-08-11,13.2,0,0,13.745,13.745
2024-08-12,24.098,0,0,13.2,13.2
2024-08-13,14.702,0,0,24.098,24.098
2024-08-14,12.408,0,0,14.702,14.702
2024-08-15,12.079,0,0,12.408,12.408
2024-08-16,12.439,0,0,12.079,12.079
2024-08-17,11.464,0,0,12.439,12.439
2024-08-18,10.958,0,0,11.464,11.464
2024-08-19,10.58,0,0,10.958,10.958
2024-08-20,10.27,0,0,10.58,10.58
2024-08-21,12.297,0,0,10.27,10.27
2024-08-22,15.816,0,0,12.297,12.297
2024-08-23,18.002,0,0,15.816,15.816
2024-08-24,16.379,0,0,18.002,18.002
2024-08-25,13.031,0,0,16.379,16.379
2024-08-26,11.641,0,0,13.031,13.031
2024-08-27,11.105,0,0,11.641,11.641
2024-08-28,12.761,0,0,11.105,11.105
2024-08-29,11.089,0,0,12.761,12.761
2024-08-30,10.035,0,0,11.089,11.089
2024-08-31,15.485,0,0,10.035,10.035
2024-09-01,18.166,0,0,15.485,15.485
2024-09-02,14.549,0,0,18.166,18.166
2024-09-03,13.007,0,0,14.549,14.549
2024-09-04,22.724,0,0,13.007,13.007
2024-09-05,13.554,0,0,22.724,22.724
2024-09-06,13.56,0,0,13.554,13.554
2024-09-07,11.895,0,0,13.56,13.56
2024-09-08,10.955,0,0,11.895,11.895
2024-09-09,10.526,0,0,10.955,10.955
2024-09-10,10.152,0,0,10.526,10.526
2024-09-11,10.525,0,0,10.152,10.152
2024-09-12,12.139,0,0,10.525,10.525
2024-09-13,10.153,0,0,12.139,12.139
2024-09-14,9.709,0,0,10.153,10.153
2024-09-15,9.751,0,0,9.709,9.709
2024-09-16,14.285,0,0,9.751,9.751
2024-09-17,10.006,0,0,14.285,14.285
2024-09-18,9.346,0,0,10.006,10.006
2024-09-19,10.085,0,0,9.346,9.346
2024-09-20,16.445,0,0,10.085,10.085
2024-09-21,12.756,0,0,16.445,16.445
2024-09-22,12.738,0,0,12.756,12.756
2024-09-23,10.969,0,0,12.738,12.738
2024-09-24,11.948,0,0,10.969,10.969
2024-09-25,13.594,0,0,11.948,11.948
2024-09-26,12.972,0,0,13.594,13.594
2024-09-27,11.481,0,0,12.972,12.972
2024-09-28,12.379,0,0,11.481,11.481
2024-09-29,14.261,0,0,12.379,12.379
2024-09-30,14.767,0,0,14.261,14.261
2024-10-01,14.549,0,0,14.767,14.767
2024-10-02,12.017,0,0,14.549,14.549
2024-10-03,11.268,0,0,12.017,12.017
2024-10-04,19.936,0,0,11.268,11.268
2024-10-05,16.95,0,0,19.936,19.936
2024-10-06,16.22,0,0,16.95,16.95
2024-10-07,17.301,0,0,16.22,16.22
2024-10-08,17.47,0,0,17.301,17.301
2024-10-09,19.212,0,0,17.47,17.47
2024-10-10,16.07,0,0,19.212,19.212
2024-10-11,13.337,0,0,16.07,16.07
2024-10-12,13.867,0,0,13.337,13.337
2024-10-13,12.068,0,0,13.867,13.867
2024-10-14,11.886,0,0,12.068,12.068
2024-10-15,10.962,0,0,11.886,11.886
2024-10-16,12.2,0,0,10.962,10.962
2024-10-17,11.008,0,0,12.2,12.2
2024-10-18,11.161,0,0,11.008,11.008
2024-10-19,13.785,0,0,11.161,11.161
2024-10-20,22.879,0,0,13.785,13.785
2024-10-21,21.913,0,0,22.879,22.879
2024-10-22,20.939,0,0,21.913,21.913
2024-10-23,17.972,0,0,20.939,20.939
2024-10-24,15.949,0,0,17.972,17.972
2024-10-25,14.555,0,0,15.949,15.949
2024-10-26,14.749,0,0,14.555,14.555
2024-10-27,12.947,0,0,14.749,14.749
2024-10-28,11.941,0,0,12.947,12.947
2024-10-29,12.236,0,0,11.941,11.941
2024-10-30,15.136,0,0,12.236,12.236
2024-10-31,13.102,0,0,15.136,15.136
2024-11-01,12.646,0,0,13.102,13.102
2024-11-02,12.343,0,0,12.646,12.646
2024-11-03,16.582,0,0,12.343,12.343
2024-11-04,19.392,0,0,16.582,16.582
2024-11-05,16.59,0,0,19.392,19.392
2024-11-06,14.804,0,0,16.59,16.59
2024-11-07,21.685,0,0,14.804,14.804
2024-11-08,20.404,0,0,21.685,21.685
2024-11-09,27.384,0,0,20.404,20.404
2024-11-10,25.117,0,0,27.384,27.384
2024-11-11,22.932,0,0,25.117,25.117
2024-11-12,27.196,0,0,22.932,22.932
2024-11-13,28.558,0,0,27.196,27.196
2024-11-14,28.461,0,0,28.558,28.558
2024-11-15,21.563,0,0,28.461,28.461
2024-11-16,19.413,0,0,21.563,21.563
2024-11-17,16.627,0,0,19.413,19.413
2024-11-18,19.517,0,0,16.627,16.627
2024-11-19,20.444,0,0,19.517,19.517
2024-11-20,27.497,0,0,20.444,20.444
2024-11-21,21.319,0,0,27.497,27.497
2024-11-22,22.649,0,0,21.319,21.319
2024-11-23,19.909,0,0,22.649,22.649
2024-11-24,16.752,0,0,19.909,19.909
2024-11-25,15.883,0,0,16.752,16.752
2024-11-26,17.319,0,0,15.883,15.883
2024-11-27,15.978,0,0,17.319,17.319
2024-11-28,17.072,0,0,15.978,15.978
2024-11-29,14.595,0,0,17.072,17.072
2024-11-30,14.892,0,0,14.595,14.595
2024-12-01,14.075,0,0,14.892,14.892
2024-12-02,13.214,0,0,14.075,14.075
2024-12-03,13.251,0,0,13.214,13.214
2024-12-04,12.814,0,0,13.251,13.251
2024-12-05,12.487,0,0,12.814,12.814
2024-12-06,12.185,0,0,12.487,12.487
2024-12-07,11.753,0,0,12.185,12.185
2024-12-08,11.589,0,0,11.753,11.753
2024-12-09,11.677,0,0,11.589,11.589
2024-12-10,11.373,0,0,11.677,11.677
2024-12-11,11.089,0,0,11.373,11.373
2024-12-12,10.788,0,0,11.089,11.089
2024-12-13,10.675,0,0,10.788,10.788
2024-12-14,14.595,0,0,10.675,10.675
2024-12-15,14.074,0,0,14.595,14.595
2024-12-16,12.344,0,0,14.074,14.074
2024-12-17,11.869,0,0,12.344,12.344
2024-12-18,11.365,0,0,11.869,11.869
2024-12-19,11.199,0,0,11.365,11.365
2024-12-20,11.826,0,0,11.199,11.199
2024-12-21,12.332,0,0,11.826,11.826
2024-12-22,17.248,0,0,12.332,12.332
2024-12-23,13.944,0,0,17.248,17.248
2024-12-24,13.326,0,0,13.944,13.944
2024-12-25,15.51,0,0,13.326,13.326
2024-12-26,18.028,0,0,15.51,15.51
2024-12-27,13.304,0,0,18.028,18.028
2024-12-28,12.814,0,0,13.304,13.304
2024-12-29,13.79,0,0,12.814,12.814
2024-12-30,13.561,0,0,13.79,13.79
2024-12-31,12.514,0,0,13.561,13.561
2025-01-01,13.299,0,0,12.514,12.514
2025-01-02,14.834,0,0,13.299,13.299
2025-01-03,18.956,0,0,14.834,14.834
2025-01-04,23.228,0,0,18.956,18.956
2025-01-05,19.329,0,0,23.228,23.228
2025-01-06,15.076,0,0,19.329,19.329
2025-01-07,13.605,0,0,15.076,15.076
2025-01-08,12.899,0,0,13.605,13.605
2025-01-09,13.338,0,0,12.899,12.899
2025-01-10,12.035,0,0,13.338,13.338
2025-01-11,11.363,0,0,12.035,12.035
2025-01-12,11.029,0,0,11.363,11.363
2025-01-13,10.617,0,0,11.029,11.029
2025-01-14,10.174,0,0,10.617,10.617
2025-01-15,10.112,0,0,10.174,10.174
2025-01-16,9.948,0,0,10.112,10.112
2025-01-17,9.529,0,0,9.948,9.948
2025-01-18,9.655,0,0,9.529,9.529
2025-01-19,9.397,0,0,9.655,9.655
2025-01-20,9.273,0,0,9.397,9.397
2025-01-21,9.087,0,0,9.273,9.273
2025-01-22,8.951,0,0,9.087,9.087
2025-01-23,8.897,0,0,8.951,8.951
2025-01-24,9.348,0,0,8.897,8.897
2025-01-25,12.254,0,0,9.348,9.348
2025-01-26,10.121,0,0,12.254,12.254
2025-01-27,9.579,0,0,10.121,10.121
2025-01-28,9.692,0,0,9.579,9.579
2025-01-29,12.648,0,0,9.692,9.692
2025-01-30,13.844,0,0,12.648,12.648
2025-01-31,10.073,0,0,13.844,13.844
2025-02-01,9.517,0,0,10.073,10.073
2025-02-02,15.626,0,0,9.517,9.517
2025-02-03,11.315,0,0,15.626,15.626
2025-02-04,20.8,0,0,11.315,11.315
2025-02-05,13.494,0,0,20.8,20.8
2025-02-06,12.172,0,0,13.494,13.494
2025-02-07,13.561,0,0,12.172,12.172
2025-02-08,13.103,0,0,13.561,13.561
2025-02-09,12.188,0,0,13.103,13.103
2025-02-10,13.25,0,0,12.188,12.188
2025-02-11,13.778,0,0,13.25,13.25
2025-02-12,15.178,0,0,13.778,13.778
2025-02-13,20.365,0,0,15.178,15.178
2025-02-14,15.6,0,0,20.365,20.365
2025-02-15,19.812,0,0,15.6,15.6
2025-02-16,28.306,0,0,19.812,19.812
2025-02-17,25.773,0,0,28.306,28.306
2025-02-18,19.234,0,0,25.773,25.773
2025-02-19,17.556,0,0,19.234,19.234
2025-02-20,14.277,0,0,17.556,17.556
2025-02-21,17.449,0,0,14.277,14.277
2025-02-22,14.67,0,0,17.449,17.449
2025-02-23,13.657,0,0,14.67,14.67
2025-02-24,16.398,0,0,13.657,13.657
2025-02-25,13.57,0,0,16.398,16.398
2025-02-26,13.236,0,0,13.57,13.57
2025-02-27,13.131,0,0,13.236,13.236
2025-02-28,13.01,0,0,13.131,13.131
2025-03-01,16.44,0,0,13.01,13.01
2025-03-02,12.74,0,0,16.44,16.44
2025-03-03,13.45,0,0,12.74,12.74
2025-03-04,16.75,0,0,13.45,13.45
2025-03-05,15.16,0,0,16.75,16.75
2025-03-06,15.37,0,0,15.16,15.16
2025-03-07,14.12,0,0,15.37,15.37
2025-03-08,12.24,0,0,14.12,14.12
2025-03-09,11.75,0,0,12.24,12.24
2025-03-10,13.22,0,0,11.75,11.75
2025-03-11,16.61,0,0,13.22,13.22
2025-03-12,13.55,0,0,16.61,16.61
2025-03-13,17.13,0,0,13.55,13.55
2025-03-14,15.01,0,0,17.13,17.13
2025-03-15,16.7,0,0,15.01,15.01
2025-03-16,20.7,0,0,16.7,16.7
2025-03-17,13.67,0,0,20.7,20.7
2025-03-18,12.63,0,0,13.67,13.67
2025-03-19,12.88,0,0,12.63,12.63
2025-03-20,16.38,0,0,12.88,12.88
2025-03-21,16.11,0,0,16.38,16.38
2025-03-22,13.06,0,0,16.11,16.11
2025-03-23,11.65,0,0,13.06,13.06
2025-03-24,11.16,0,0,11.65,11.65
2025-03-25,11.33,0,0,11.16,11.16
2025-03-26,10.94,0,0,11.33,11.33
2025-03-27,12.08,0,0,10.94,10.94
2025-03-28,14.45,0,0,12.08,12.08
2025-03-29,15.93,0,0,14.45,14.45
2025-03-30,15.04,0,0,15.93,15.93
2025-03-31,16.39,0,0,15.04,15.04
2025-04-01,18.48,0,0,16.39,16.39
2025-04-02,17.77,0,0,18.48,18.48
2025-04-03,21.22,0,0,17.77,17.77
2025-04-04,26.73,0,0,21.22,21.22
2025-04-05,29.89,0,0,26.73,26.73
2025-04-06,27.06,0,0,29.89,29.89
2025-04-07,28.77,0,0,27.06,27.06
2025-04-08,19.69,0,0,28.77,28.77
2025-04-09,48.83,0,0,19.69,19.69
2025-04-10,63.33,0,0,48.83,48.83
2025-04-11,58.37,0,0,63.33,63.33
2025-04-12,36.42,0,0,58.37,58.37
2025-04-13,26.91,0,0,36.42,36.42
2025-04-14,22.21,0,0,26.91,26.91
2025-04-15,19.22,0,0,22.21,22.21
2025-04-16,19.87,0,0,19.22,19.22
2025-04-17,17.24,0,0,19.87,19.87
2025-04-18,22.07,0,0,17.24,17.24
2025-04-19,21.35,0,0,22.07,22.07
2025-04-20,17.92,0,0,21.35,21.35
2025-04-21,20.9,0,0,17.92,17.92
2025-04-22,23.37,0,0,20.9,20.9
2025-04-23,41.07,0,0,23.37,23.37
2025-04-24,43.09,0,0,41.07,41.07
2025-04-25,33.43,0,0,43.09,43.09
2025-04-26,33.64,0,0,33.43,33.43
2025-04-27,37.89,0,0,33.64,33.64
2025-04-28,37.85,0,0,37.89,37.89
2025-04-29,69.13,0,0,37.85,37.85
2025-04-30,52.96,0,0,69.13,69.13
2025-05-01,41.14,0,0,52.96,52.96
2025-05-02,38.06,0,0,41.14,41.14
2025-05-03,30.22,0,0,38.06,38.06
2025-05-04,40.33,0,0,30.22,30.22
2025-05-05,43.1,0,0,40.33,40.33
2025-05-06,43.75,0,0,43.1,43.1
2025-05-07,37.7,0,0,43.75,43.75
2025-05-08,36.74,0,0,37.7,37.7
2025-05-09,30.02,0,0,36.74,36.74
2025-05-10,24.52,0,0,30.02,30.02
2025-05-11,23.57,0,0,24.52,24.52
2025-05-12,20.61,0,0,23.57,23.57
2025-05-13,19.11,0,0,20.61,20.61
2025-05-14,22.62,0,0,19.11,19.11
2025-05-15,19.91,0,0,22.62,22.62
2025-05-16,43.48,0,0,19.91,19.91
2025-05-17,36.68,0,0,43.48,43.48
2025-05-18,31.68,0,0,36.68,36.68
2025-05-19,42.77,0,0,31.68,31.68
2025-05-20,36.94,0,0,42.77,42.77
2025-05-21,31.77,0,0,36.94,36.94
2025-05-22,25.65,0,0,31.77,31.77
2025-05-23,26.11,0,0,25.65,25.65
2025-05-24,21.17,0,0,26.11,26.11
2025-05-25,19.49,0,0,21.17,21.17
2025-05-26,23.78,0,0,19.49,19.49
2025-05-27,19.28,0,0,23.78,23.78
2025-05-28,17.23,0,0,19.28,19.28
2025-05-29,17.3,0,0,17.23,17.23
2025-05-30,17.93,0,0,17.3,17.3
2025-05-31,16.14,0,0,17.93,17.93
2025-06-01,16.64,0,0,16.14,16.14
2025-06-02,15.66,0,0,16.64,16.64
2025-06-03,22.25,0,0,15.66,15.66
2025-06-04,15.87,0,0,22.25,22.25
2025-06-05,18.54,0,0,15.87,15.87
2025-06-06,24.24,0,0,18.54,18.54
2025-06-07,16.38,0,0,24.24,24.24
2025-06-08,18.21,0,0,16.38,16.38
2025-06-09,19.49,0,0,18.21,18.21
2025-06-10,25.08,0,0,19.49,19.49
2025-06-11,19.72,0,0,25.08,25.08
2025-06-12,35.47,0,0,19.72,19.72
2025-06-13,43.0,0,0,35.47,35.47
2025-06-14,36.95,0,0,43.0,43.0
2025-06-15,24.96,0,0,36.95,36.95
2025-06-16,39.51,0,0,24.96,24.96
2025-06-17,48.7,0,0,39.51,39.51
2025-06-18,29.11,0,0,48.7,48.7
2025-06-19,22.73,0,0,29.11,29.11
2025-06-20,20.58,0,0,22.73,22.73
2025-06-21,21.52,0,0,20.58,20.58
2025-06-22,40.67,0,0,21.52,21.52
2025-06-23,62.21,0,0,40.67,40.67
2025-06-24,37.41,0,0,62.21,62.21
2025-06-25,25.59,0,0,37.41,37.41
2025-06-26,24.39,0,0,25.59,25.59
2025-06-27,30.44,0,0,24.39,24.39
2025-06-28,25.84,0,0,30.44,30.44
2025-06-29,21.83,0,0,25.84,25.84
2025-06-30,21.23,0,0,21.83,21.83
2025-07-01,19.32,0,0,21.23,21.23
2025-07-02,18.72,0,0,19.32,19.32
2025-07-03,18.16,0,0,18.72,18.72
2025-07-04,18.67,0,0,18.16,18.16
2025-07-05,17.08,0,0,18.67,18.67
2025-07-06,16.81,0,0,17.08,17.08
2025-07-07,15.9,0,0,16.81,16.81
2025-07-08,16.24,0,0,15.9,15.9
2025-07-09,15.94,0,0,16.24,16.24
2025-07-10,17.36,0,0,15.94,15.94
2025-07-11,15.8,0,0,17.36,17.36
2025-07-12,14.22,0,0,15.8,15.8
2025-07-13,14.98,0,0,14.22,14.22
2025-07-14,13.94,0,0,14.98,14.98
2025-07-15,13.16,0,0,13.94,13.94
2025-07-16,13.32,0,0,13.16,13.16
2025-07-17,12.72,0,0,13.32,13.32
2025-07-18,12.37,0,0,12.72,12.72
2025-07-19,12.35,0,0,12.37,12.37
2025-07-20,12.2,0,0,12.35,12.35
2025-07-21,12.29,0,0,12.2,12.2
2025-07-22,11.89,0,0,12.29,12.29
2025-07-23,11.44,0,0,11.89,11.89
2025-07-24,11.82,0,0,11.44,11.44
2025-07-25,13.53,0,0,11.82,11.82
2025-07-26,21.55,0,0,13.53,13.53
2025-07-27,20.28,0,0,21.55,21.55
2025-07-28,17.51,0,0,20.28,20.28
2025-07-29,17.8,0,0,17.51,17.51
2025-07-30,14.26,0,0,17.8,17.8
2025-07-31,12.91,0,0,14.26,14.26
2025-08-01,12.1,0,0,12.91,12.91
2025-08-02,14.8,0,0,12.1,12.1
2025-08-03,12.2,0,0,14.8,14.8
2025-08-04,11.48,0,0,12.2,12.2
2025-08-05,11.24,0,0,11.48,11.48
2025-08-06,13.87,0,0,11.24,11.24
2025-08-07,20.49,0,0,13.87,13.87
2025-08-08,22.61,0,0,20.49,20.49
2025-08-09,15.78,0,0,22.61,22.61
2025-08-10,24.67,0,0,15.78,15.78
2025-08-11,16.53,0,0,24.67,24.67
2025-08-12,14.32,0,0,16.53,16.53
2025-08-13,13.83,0,0,14.32,14.32
2025-08-14,17.13,0,0,13.83,13.83
2025-08-15,20.96,0,0,17.13,17.13
2025-08-16,20.58,0,0,20.96,20.96
2025-08-17,38.82,0,0,20.58,20.58
2025-08-18,26.0,0,0,38.82,38.82
2025-08-19,20.07,0,0,26.0,26.0
2025-08-20,36.31,0,0,20.07,20.07
2025-08-21,31.63,0,0,36.31,36.31
2025-08-22,29.46,0,0,31.63,31.63
2025-08-23,27.28,0,0,29.46,29.46
2025-08-24,22.57,0,0,27.28,27.28
2025-08-25,19.45,0,0,22.57,22.57
2025-08-26,16.84,0,0,19.45,19.45
2025-08-27,15.65,0,0,16.84,16.84
2025-08-28,15.1,0,0,15.65,15.65
2025-08-29,13.66,0,0,15.1,15.1
2025-08-30,13.89,0,0,13.66,13.66
2025-08-31,15.96,0,0,13.89,13.89
2025-09-01,26.87,0,0,15.96,15.96
2025-09-02,38.88,0,0,26.87,26.87
2025-09-03,26.64,0,0,38.88,38.88
2025-09-04,19.86,0,0,26.64,26.64
2025-09-05,17.8,0,0,19.86,19.86
2025-09-06,32.78,0,0,17.8,17.8
2025-09-07,27.58,0,0,32.78,32.78
2025-09-08,25.32,0,0,27.58,27.58
2025-09-09,19.15,0,0,25.32,25.32
2025-09-10,17.55,0,0,19.15,19.15
2025-09-11,15.69,0,0,17.55,17.55
2025-09-12,15.14,0,0,15.69,15.69
2025-09-13,14.55,0,0,15.14,15.14
2025-09-14,16.32,0,0,14.55,14.55
2025-09-15,13.91,0,0,16.32,16.32
2025-09-16,13.59,0,0,13.91,13.91
2025-09-17,22.15,0,0,13.59,13.59
2025-09-18,21.2,0,0,22.15,22.15
2025-09-19,17.52,0,0,21.2,21.2
2025-09-20,14.46,0,0,17.52,17.52
2025-09-21,13.98,0,0,14.46,14.46
2025-09-22,13.48,0,0,13.98,13.98
2025-09-23,14.26,0,0,13.48,13.48
2025-09-24,14.97,0,0,14.26,14.26
2025-09-25,14.34,0,0,14.97,14.97
2025-09-26,13.53,0,0,14.34,14.34
2025-09-27,22.83,0,0,13.53,13.53
2025-09-28,20.8,0,0,22.83,22.83
2025-09-29,22.0,0,0,20.8,20.8
2025-09-30,17.26,0,0,22.0,22.0
2025-10-01,20.52,0,0,17.26,17.26
2025-10-02,19.26,0,0,20.52,20.52
2025-10-03,19.19,0,0,19.26,19.26
2025-10-04,17.49,0,0,19.19,19.19
2025-10-05,21.34,0,0,17.49,17.49
2025-10-06,19.8,0,0,21.34,21.34
2025-10-07,20.86,0,0,19.8,19.8
2025-10-08,22.56,0,0,20.86,20.86
2025-10-09,22.7,0,0,22.56,22.56
2025-10-10,19.53,0,0,22.7,22.7
2025-10-11,32.86,0,0,19.53,19.53
2025-10-12,21.49,0,0,32.86,32.86
2025-10-13,18.75,0,0,21.49,21.49
2025-10-14,17.23,0,0,18.75,18.75
2025-10-15,31.63,0,0,17.23,17.23
2025-10-16,20.63,0,0,31.63,31.63
2025-10-17,21.58,0,0,20.63,20.63
2025-10-18,18.74,0,0,21.58,21.58
2025-10-19,21.21,0,0,18.74,18.74
2025-10-20,18.9,0,0,21.21,21.21
2025-10-21,23.43,0,0,18.9,18.9
2025-10-22,27.21,0,0,23.43,23.43
2025-10-23,25.69,0,0,27.21,27.21
2025-10-24,24.04,0,0,25.69,25.69
2025-10-25,22.42,0,0,24.04,24.04
2025-10-26,29.36,0,0,22.42,22.42
2025-10-27,26.62,0,0,29.36,29.36
2025-10-28,21.03,0,0,26.62,26.62
2025-10-29,18.58,0,0,21.03,21.03
2025-10-30,21.14,0,0,18.58,18.58
2025-10-31,17.61,0,0,21.14,21.14
2025-11-01,18.8,0,0,17.61,17.61
2025-11-02,19.96,0,0,18.8,18.8
2025-11-03,22.47,0,0,19.96,19.96
2025-11-04,26.9,0,0,22.47,22.47
2025-11-05,25.87,0,0,26.9,26.9
2025-11-06,19.86,0,0,25.87,25.87
2025-11-07,17.0,0,0,19.86,19.86
2025-11-08,17.15,0,0,17.0,17.0
2025-11-09,26.65,0,0,17.15,17.15
2025-11-10,17.21,0,0,26.65,26.65
2025-11-11,16.13,0,0,17.21,17.21
2025-11-12,18.46,0,0,16.13,16.13
2025-11-13,27.16,0,0,18.46,18.46
2025-11-14,23.3,0,0,27.16,27.16
2025-11-15,49.2,0,0,23.3,23.3
2025-11-16,41.75,0,0,49.2,49.2
2025-11-17,33.33,0,0,41.75,41.75
2025-11-18,29.57,0,0,33.33,33.33
2025-11-19,26.05,0,0,29.57,29.57
2025-11-20,23.03,0,0,26.05,26.05
2025-11-21,20.3,0,0,23.03,23.03
2025-11-22,18.93,0,0,20.3,20.3
2025-11-23,18.73,0,0,18.93,18.93
2025-11-24,17.65,0,0,18.73,18.73
2025-11-25,17.33,0,0,17.65,17.65
2025-11-26,16.07,0,0,17.33,17.33
2025-11-27,15.99,0,0,16.07,16.07
2025-11-28,15.7,0,0,15.99,15.99
2025-11-29,17.38,0,0,15.7,15.7
2025-11-30,26.71,0,0,17.38,17.38
2025-12-01,25.95,0,0,26.71,26.71
2025-12-02,32.17,0,0,25.95,25.95
2025-12-03,22.45,0,0,32.17,32.17
2025-12-04,35.34,0,0,22.45,22.45
2025-12-05,25.62,0,0,35.34,35.34
2025-12-06,23.68,0,0,25.62,25.62
2025-12-07,22.11,0,0,23.68,23.68
2025-12-08,23.3,0,0,22.11,22.11
2025-12-09,18.08,0,0,23.3,23.3
2025-12-10,17.39,0,0,18.08,18.08
2025-12-11,18.9,0,0,17.39,17.39
2025-12-12,17.08,0,0,18.9,18.9
2025-12-13,16.02,0,0,17.08,17.08
2025-12-14,15.39,0,0,16.02,16.02
2025-12-15,15.47,0,0,15.39,15.39
2025-12-16,15.74,0,0,15.47,15.47
2025-12-17,14.45,0,0,15.74,15.74
2025-12-18,15.91,0,0,14.45,14.45
2025-12-19,18.5,0,0,15.91,15.91
2025-12-20,15.83,0,0,18.5,18.5
2025-12-21,14.53,0,0,15.83,15.83
2025-12-22,13.91,0,0,14.53,14.53
2025-12-23,13.33,0,0,13.91,13.91
2025-12-24,13.07,0,0,13.33,13.33
2025-12-25,13.04,0,0,13.07,13.07
2025-12-26,12.71,0,0,13.04,13.04
2025-12-27,12.5,0,0,12.71,12.71
2025-12-28,12.25,0,0,12.5,12.5
2025-12-29,12.22,0,0,12.25,12.25
2025-12-30,12.02,0,0,12.22,12.22
2025-12-31,12.01,0,0,12.02,12.02
2026-01-01,12.37,0,0,12.01,12.01
2026-01-02,13.61,0,0,12.37,12.37
2026-01-03,13.72,0,0,13.61,13.61
2026-01-04,17.49,0,0,13.72,13.72
2026-01-05,17.6,0,0,17.49,17.49
2026-01-06,20.7,0,0,17.6,17.6
2026-01-07,15.06,0,0,20.7,20.7
2026-01-08,14.26,0,0,15.06,15.06
2026-01-09,14.38,0,0,14.26,14.26
2026-01-10,14.48,0,0,14.38,14.38
2026-01-11,20.75,0,0,14.48,14.48
2026-01-12,18.86,0,0,20.75,20.75
2026-01-13,25.66,0,0,18.86,18.86
2026-01-14,21.08,0,0,25.66,25.66
2026-01-15,18.26,0,0,21.08,21.08
2026-01-16,15.61,0,0,18.26,18.26
2026-01-17,14.35,0,0,15.61,15.61
2026-01-18,14.16,0,0,14.35,14.35
2026-01-19,13.61,0,0,14.16,14.16
2026-01-20,13.49,0,0,13.61,13.61
2026-01-21,13.3,0,0,13.49,13.49
2026-01-22,14.58,0,0,13.3,13.3
2026-01-23,12.64,0,0,14.58,14.58
2026-01-24,12.22,0,0,12.64,12.64
2026-01-25,13.66,0,0,12.22,12.22
2026-01-26,17.71,0,0,13.66,13.66
2026-01-27,16.68,0,0,17.71,17.71
2026-01-28,17.92,0,0,16.68,16.68
2026-01-29,13.63,0,0,17.92,17.92
2026-01-30,18.78,0,0,13.63,13.63
2026-01-31,17.8,0,0,18.78,18.78
2026-02-01,23.28,0,0,17.8,17.8
2026-02-02,17.27,0,0,23.28,23.28
2026-02-03,15.54,0,0,17.27,17.27
2026-02-04,14.25,0,0,15.54,15.54
2026-02-05,32.39,0,0,14.25,14.25
2026-02-06,23.55,0,0,32.39,32.39
2026-02-07,19.38,0,0,23.55,23.55
2026-02-08,16.06,0,0,19.38,19.38
2026-02-09,14.79,0,0,16.06,16.06
2026-02-10,14.43,0,0,14.79,14.79
2026-02-11,13.77,0,0,14.43,14.43
2026-02-12,13.9,0,0,13.77,13.77
2026-02-13,15.18,0,0,13.9,13.9
2026-02-14,14.73,0,0,15.18,15.18
2026-02-15,18.2,0,0,14.73,14.73
2026-02-16,16.88,0,0,18.2,18.2
2026-02-17,19.17,0,0,16.88,16.88
2026-02-18,15.3,0,0,19.17,19.17
2026-02-19,13.79,0,0,15.3,15.3
2026-02-20,13.38,0,0,13.79,13.79
2026-02-21,12.73,0,0,13.38,13.38
2026-02-22,16.37,0,0,12.73,12.73
2026-02-23,22.68,0,0,16.37,16.37
2026-02-24,22.68,0,0,22.68,22.68
2026-02-25,17.21,0,0,22.68,22.68
2026-02-26,15.62,0,0,17.21,17.21
2026-02-27,14.24,0,0,15.62,15.62
2026-02-28,13.49,0,0,14.24,14.24
2026-03-01,13.27,0,0,13.49,13.49
2026-03-02,12.15,0,0,13.27,13.27
2026-03-03,13.67,0,0,12.15,12.15
2026-03-04,13.42,0,0,13.67,13.67
2026-03-05,12.62,0,0,13.42,13.42
2026-03-06,12.09,0,0,12.62,12.62
2026-03-07,12.4,0,0,12.09,12.09
2026-03-08,12.47,0,0,12.4,12.4
2026-03-09,12.7,0,0,12.47,12.47
2026-03-10,13.8,0,0,12.7,12.7
2026-03-11,13.08,0,0,13.8,13.8
2026-03-12,14.3,0,0,13.08,13.08
2026-03-13,11.65,0,0,14.3,14.3
2026-03-14,10.97,0,0,11.65,11.65
2026-03-15,12.26,0,0,10.97,10.97
2026-03-16,12.3,0,0,12.26,12.26
2026-03-17,39.8,0,0,12.3,12.3
2026-03-18,21.36,0,0,39.8,39.8
2026-03-19,17.72,0,0,21.36,21.36
2026-03-20,15.79,0,0,17.72,17.72
2026-03-21,18.39,0,0,15.79,15.79
2026-03-22,15.81,0,0,18.39,18.39
2026-03-23,15.14,0,0,15.81,15.81
2026-03-24,14.02,0,0,15.14,15.14
2026-03-25,12.93,0,0,14.02,14.02
2026-03-26,12.93,0,0,12.93,12.93
2026-03-27,13.37,0,0,12.93,12.93
2026-03-28,12.74,0,0,13.37,13.37
2026-03-29,14.38,0,0,12.74,12.74
2026-03-30,16.32,0,0,14.38,14.38
2026-03-31,20.42,0,0,16.32,16.32
2026-04-01,28.84,0,0,20.42,20.42
2026-04-02,16.99,0,0,28.84,28.84
2026-04-03,16.35,0,0,16.99,16.99
2026-04-04,14.92,0,0,16.35,16.35
2026-04-05,14.23,0,0,14.92,14.92
2026-04-06,12.82,0,0,14.23,14.23
2026-04-07,17.03,0,0,12.82,12.82
2026-04-08,17.03,0,0,17.03,17.03
2026-04-09,13.5,0,0,17.03,17.03
2026-04-10,16.13,0,0,13.5,13.5
2026-04-11,12.39,0,0,16.13,16.13
2026-04-12,13.05,0,0,12.39,12.39
2026-04-13,14.78,0,0,13.05,13.05
2026-04-14,15.08,0,0,14.78,14.78
2026-04-15,24.02,0,0,15.08,15.08
2026-04-16,49.72,0,0,24.02,24.02
2026-04-17,32.78,0,0,49.72,49.72
2026-04-18,24.77,0,0,32.78,32.78
2026-04-19,31.02,0,0,24.77,24.77
2026-04-20,25.35,0,0,31.02,31.02
2026-04-21,23.25,0,0,25.35,25.35
2026-04-22,21.54,0,0,23.25,23.25
2026-04-23,19.9,0,0,21.54,21.54
2026-04-24,29.28,0,0,19.9,19.9
2026-04-25,41.97,0,0,29.28,29.28
2026-04-26,25.06,0,0,41.97,41.97
2026-04-27,27.31,0,0,25.06,25.06
2026-04-28,20.39,0,0,27.31,27.31
2026-04-29,17.26,0,0,20.39,20.39
2026-04-30,14.43,0,0,17.26,17.26
2026-05-01,30.13,0,0,14.43,14.43
2026-05-02,20.75,0,0,30.13,30.13
2026-05-03,30.19,0,0,20.75,20.75
2026-05-04,23.62,0,0,30.19,30.19
2026-05-05,17.47,0,0,23.62,23.62
2026-05-06,16.11,0,0,17.47,17.47
2026-05-07,14.51,0,0,16.11,16.11
2026-05-08,13.7,0,0,14.51,14.51
2026-05-09,13.53,0,0,13.7,13.7
2026-05-10,13.11,0,0,13.53,13.53
2026-05-11,12.88,0,0,13.11,13.11
2026-05-12,12.43,0,0,12.88,12.88
2026-05-13,14.72,0,0,12.43,12.43
2026-05-14,13.43,0,0,14.72,14.72
2026-05-15,12.98,0,0,13.43,13.43
2026-05-16,12.24,0,0,12.98,12.98
2026-05-17,12.53,0,0,12.24,12.24
2026-05-18,12.44,0,0,12.53,12.53
2026-05-19,11.23,0,0,12.44,12.44
2026-05-20,11.37,0,0,11.23,11.23
2026-05-21,16.18,0,0,11.37,11.37
2026-05-22,12.44,0,0,16.18,16.18
2026-05-23,15.24,0,0,12.44,12.44
2026-05-24,11.51,0,0,15.24,15.24
2026-05-25,10.94,0,0,11.51,11.51
2026-05-26,10.61,0,0,10.94,10.94
2026-05-27,11.69,0,0,10.61,10.61
2026-05-28,10.86,0,0,11.69,11.69
2026-05-29,11.73,0,0,10.86,10.86
2026-05-30,10.7,0,0,11.73,11.73
2026-05-31,9.71,0,0,10.7,10.7
2026-06-01,9.64,0,0,9.71,9.71
2026-06-02,11.21,0,0,9.64,9.64
2026-06-03,11.21,0,0,11.21,11.21
2026-06-04,12.71,0,0,11.21,11.21
2026-06-05,10.55,0,0,12.71,12.71
2026-06-06,13.87,0,0,10.55,10.55
2026-06-07,23.48,0,0,13.87,13.87
2026-06-08,23.19,0,0,23.48,23.48
2026-06-09,17.27,0,0,23.19,23.19
2026-06-10,15.39,0,0,17.27,17.27
2026-06-11,11.38,0,0,15.39,15.39
2026-06-12,11.38,0,0,11.38,11.38
2026-06-13,12.97,0,0,11.38,11.38
2026-06-14,12.19,0,0,12.97,12.97
2026-06-15,11.74,0,0,12.19,12.19
2026-06-16,10.26,0,0,11.74,11.74
2026-06-17,14.2,0,0,10.26,10.26
2026-06-18,17.57,0,0,14.2,14.2
2026-06-19,17.44,0,0,17.57,17.57
2026-06-20,19.82,0,0,17.44,17.44
2026-06-21,16.96,0,0,19.82,19.82
2026-06-22,34.95,0,0,16.96,16.96
2026-06-23,19.27,0,0,34.95,34.95
2026-06-24,12.44,0,0,19.27,19.27
2026-06-25,12.36,0,0,12.44,12.44
2026-06-26,11.6,0,0,12.36,12.36
2026-06-27,11.19,0,0,11.6,11.6
2026-06-28,10.55,0,0,11.19,11.19
2026-06-29,10.18,0,0,10.55,10.55
2026-06-30,10.89,0,0,10.18,10.18
2026-07-01,11.0,0,0,10.89,10.89
2026-07-02,10.74,0,0,11.0,11.0
2026-07-03,10.39,0,0,10.74,10.74
2026-07-04,10.23,0,0,10.39,10.39
2026-07-05,10.09,0,0,10.23,10.23
2026-07-06,9.52,0,0,10.09,10.09
2026-07-07,9.32,0,0,9.52,9.52
2026-07-08,9.57,0,0,9.32,9.32
2026-07-09,9.37,0,0,9.57,9.57
2026-07-10,9.57,0,0,9.37,9.37
2026-07-11,11.87,0,0,9.57,9.57
2026-07-12,10.38,0,0,11.87,11.87
2026-07-13,9.27,0,0,10.38,10.38
2026-07-14,8.72,0,0,9.27,9.27
2026-07-15,8.8,0,0,8.72,8.72
2026-07-16,8.37,0,0,8.8,8.8
2026-07-17,8.48,0,0,8.37,8.37
2026-07-18,8.44,0,0,8.48,8.48
2026-07-19,16.44,0,0,8.44,8.44
2026-07-20,19.07,0,0,16.44,16.44
2026-07-21,11.02,0,0,19.07,19.07
2026-07-22,16.02,0,0,11.02,11.02
2026-07-23,22.74,0,0,16.02,16.02
2026-07-24,11.8,0,0,22.74,22.74
2026-07-25,15.17,0,0,11.8,11.8
2026-07-26,11.55,0,0,15.17,15.17
2026-07-27,10.52,0,0,11.55,11.55
2026-07-28,10.71,0,0,10.52,10.52
2026-07-29,9.63,0,0,10.71,10.71
2026-07-30,9.22,0,0,9.63,9.63
2026-07-31,8.92,0,0,9.22,9.22
2026-08-01,8.64,0,0,8.92,8.92
2026-08-02,8.6,0,0,8.64,8.64
2026-08-03,8.87,0,0,8.6,8.6
2026-08-04,9.24,0,0,8.87,8.87
2026-08-05,8.63,0,0,9.24,9.24
2026-08-06,8.37,0,0,8.63,8.63
2026-08-07,8.21,0,0,8.37,8.37
2026-08-08,8.42,0,0,8.21,8.21
2026-08-09,8.16,0,0,8.42,8.42
2026-08-10,7.75,0,0,8.16,8.16
2026-08-11,7.78,0,0,7.75,7.75
2026-08-12,7.57,0,0,7.78,7.78
2026-08-13,7.53,0,0,7.57,7.57
2026-08-14,7.36,0,0,7.53,7.53
2026-08-15,7.91,0,0,7.36,7.36
2026-08-16,13.42,0,0,7.91,7.91
2026-08-17,15.11,0,0,13.42,13.42
2026-08-18,9.97,0,0,15.11,15.11
2026-08-19,8.86,0,0,9.97,9.97
2026-08-20,8.69,0,0,8.86,8.86
2026-08-21,8.58,0,0,8.69,8.69
2026-08-22,8.31,0,0,8.58,8.58
2026-08-23,8.1,0,0,8.31,8.31
2026-08-24,7.86,0,0,8.1,8.1
2026-08-25,7.77,0,0,7.86,7.86
2026-08-26,7.7,0,0,7.77,7.77
2026-08-27,8.1,0,0,7.7,7.7
2026-08-28,11.62,0,0,8.1,8.1
2026-08-29,12.56,0,0,11.62,11.62
2026-08-30,9.19,0,0,12.56,12.56
